time(s),joint1(rad),joint2(rad),joint3(rad),joint4(rad),joint5(rad),joint6(rad)
0.15001500,1.48239000,0.38179300,-0.93270900,1.48954000,0.32224100,-3.73692000
0.18001500,1.48232000,0.38175200,-0.93273300,1.48956000,0.32223000,-3.73692000
0.21002600,1.48232000,0.38175200,-0.93273300,1.48956000,0.32223000,-3.73692000
0.24002500,1.48233000,0.38179400,-0.93268800,1.48953000,0.32225100,-3.73692000
0.27003700,1.48229000,0.38174600,-0.93274500,1.48957000,0.32222600,-3.73692000
0.30234300,1.48229000,0.38174600,-0.93274500,1.48957000,0.32222600,-3.73692000
0.33234800,1.48229000,0.38174600,-0.93274500,1.48957000,0.32222600,-3.73692000
0.36234900,1.48213000,0.38154800,-0.93303700,1.48975000,0.32210800,-3.73693000
0.39235000,1.48213000,0.38154800,-0.93303700,1.48975000,0.32210800,-3.73693000
0.42235100,1.48236000,0.38176700,-0.93270800,1.48955000,0.32223700,-3.73692000
0.45235200,1.48236000,0.38176700,-0.93270800,1.48955000,0.32223700,-3.73692000
0.48235300,1.48233000,0.38179400,-0.93269900,1.48953000,0.32224400,-3.73692000
0.51235600,1.48233000,0.38179400,-0.93269900,1.48953000,0.32224400,-3.73692000
0.54235700,1.48238000,0.38177700,-0.93279300,1.48956000,0.32221700,-3.73692000
0.57235800,1.48238000,0.38177700,-0.93279300,1.48956000,0.32221700,-3.73692000
0.60235900,1.48227000,0.38171700,-0.93291600,1.48960000,0.32220800,-3.73692000
0.63236100,1.48227000,0.38171700,-0.93291600,1.48960000,0.32220800,-3.73692000
0.66236200,1.48231000,0.38173100,-0.93278700,1.48954000,0.32224000,-3.73692000
0.69236400,1.48231000,0.38173100,-0.93278700,1.48954000,0.32224000,-3.73692000
0.72236700,1.48235000,0.38173600,-0.93292000,1.48961000,0.32220100,-3.73692000
0.75236900,1.48235000,0.38173600,-0.93292000,1.48961000,0.32220100,-3.73692000
0.78349700,1.48235000,0.38173600,-0.93292000,1.48961000,0.32220100,-3.73692000
0.82677500,1.48235000,0.38173600,-0.93292000,1.48961000,0.32220100,-3.73692000
0.85677700,1.48224000,0.38173200,-0.93298200,1.48964000,0.32218500,-3.73693000
0.89260900,1.48224000,0.38173200,-0.93298200,1.48964000,0.32218500,-3.73693000
0.92261100,1.48226000,0.38165700,-0.93295900,1.48965000,0.32217500,-3.73692000
0.95980000,1.48226000,0.38165700,-0.93295900,1.48965000,0.32217500,-3.73692000
0.98980600,1.48231000,0.38173200,-0.93290400,1.48960000,0.32220300,-3.73692000
1.01981000,1.48237000,0.38174700,-0.93290900,1.48960000,0.32220300,-3.73692000
1.04981000,1.48237000,0.38174700,-0.93290900,1.48960000,0.32220300,-3.73692000
1.07981000,1.48229000,0.38173200,-0.93291500,1.48961000,0.32220000,-3.73692000
1.10982000,1.48229000,0.38173200,-0.93291500,1.48961000,0.32220000,-3.73692000
1.13982000,1.48229000,0.38172800,-0.93291200,1.48961000,0.32220000,-3.73692000
1.16982000,1.48229000,0.38172800,-0.93291200,1.48961000,0.32220000,-3.73692000
1.19982000,1.48229000,0.38169100,-0.93290900,1.48961000,0.32219500,-3.73692000
1.22982000,1.48229000,0.38169100,-0.93290900,1.48961000,0.32219500,-3.73692000
1.25983000,1.48230000,0.38170900,-0.93290600,1.48961000,0.32219800,-3.73692000
1.28983000,1.48230000,0.38170900,-0.93290600,1.48961000,0.32219800,-3.73692000
1.31983000,1.48231000,0.38173600,-0.93291600,1.48961000,0.32220000,-3.73692000
1.34983000,1.48231000,0.38173600,-0.93291600,1.48961000,0.32220000,-3.73692000
1.37983000,1.48235000,0.38171500,-0.93292700,1.48962000,0.32219100,-3.73692000
1.40983000,1.48235000,0.38171500,-0.93292700,1.48962000,0.32219100,-3.73692000
1.43983000,1.48224000,0.38166900,-0.93297000,1.48965000,0.32217500,-3.73693000
1.48264000,1.48224000,0.38166900,-0.93297000,1.48965000,0.32217500,-3.73693000
1.51264000,1.48232000,0.38171700,-0.93291500,1.48962000,0.32219200,-3.73692000
1.54754000,1.48232000,0.38171700,-0.93291500,1.48962000,0.32219200,-3.73692000
1.57754000,1.48255000,0.38190700,-0.93265000,1.48944000,0.32230100,-3.73693000
1.61625000,1.48255000,0.38190700,-0.93265000,1.48944000,0.32230100,-3.73693000
1.64625000,1.48235000,0.38171000,-0.93292200,1.48962000,0.32218200,-3.73692000
1.68409000,1.48235000,0.38171000,-0.93292200,1.48962000,0.32218200,-3.73692000
1.72812000,1.48231000,0.38173200,-0.93289800,1.48960000,0.32219200,-3.73692000
1.75813000,1.48230000,0.38160300,-0.93305300,1.48970000,0.32212200,-3.73693000
1.79115000,1.48230000,0.38160300,-0.93305300,1.48970000,0.32212200,-3.73693000
1.82116000,1.48219000,0.38164000,-0.93294300,1.48965000,0.32216900,-3.73693000
1.85811000,1.48219000,0.38164000,-0.93294300,1.48965000,0.32216900,-3.73693000
1.88811000,1.48242000,0.38173100,-0.93286000,1.48960000,0.32219300,-3.73692000
1.92417000,1.48242000,0.38173100,-0.93286000,1.48960000,0.32219300,-3.73692000
1.96721000,1.48242000,0.38173100,-0.93286000,1.48960000,0.32219300,-3.73692000
1.99721000,1.48266000,0.38179600,-0.93288200,1.48959000,0.32219100,-3.73693000
2.03189000,1.48266000,0.38179600,-0.93288200,1.48959000,0.32219100,-3.73693000
2.06190000,1.48231000,0.38165200,-0.93296100,1.48965000,0.32215400,-3.73693000
2.10043000,1.48231000,0.38165200,-0.93296100,1.48965000,0.32215400,-3.73693000
2.13043000,1.48230000,0.38170000,-0.93288500,1.48961000,0.32218600,-3.73692000
2.16043000,1.48234000,0.38159900,-0.93306100,1.48971000,0.32211200,-3.73693000
2.19043000,1.48234000,0.38159900,-0.93306100,1.48971000,0.32211200,-3.73693000
2.22043000,1.48234000,0.38171000,-0.93288900,1.48961000,0.32218400,-3.73692000
2.25044000,1.48231000,0.38169900,-0.93288000,1.48961000,0.32218700,-3.73692000
2.28126000,1.48231000,0.38169900,-0.93288000,1.48961000,0.32218700,-3.73692000
2.31127000,1.48231000,0.38169900,-0.93288000,1.48961000,0.32218700,-3.73692000
2.34127000,1.48248000,0.38168300,-0.93297100,1.48965000,0.32215200,-3.73693000
2.37127000,1.48248000,0.38168300,-0.93297100,1.48965000,0.32215200,-3.73693000
2.40127000,1.48256000,0.38173500,-0.93288800,1.48960000,0.32216500,-3.73693000
2.43128000,1.48256000,0.38173500,-0.93288800,1.48960000,0.32216500,-3.73693000
2.46128000,1.48244000,0.38170200,-0.93287800,1.48961000,0.32217300,-3.73692000
2.49128000,1.48244000,0.38170200,-0.93287800,1.48961000,0.32217300,-3.73692000
2.52128000,1.48239000,0.38170800,-0.93289800,1.48962000,0.32216400,-3.73692000
2.55128000,1.48239000,0.38170800,-0.93289800,1.48962000,0.32216400,-3.73692000
2.58128000,1.48248000,0.38171600,-0.93291400,1.48962000,0.32215800,-3.73692000
2.61128000,1.48248000,0.38171600,-0.93291400,1.48962000,0.32215800,-3.73692000
2.64128000,1.48244000,0.38164200,-0.93299800,1.48968000,0.32212200,-3.73693000
2.69549000,1.48244000,0.38164200,-0.93299800,1.48968000,0.32212200,-3.73693000
2.72550000,1.48245000,0.38170300,-0.93289200,1.48961000,0.32216400,-3.73692000
2.78616000,1.48245000,0.38170300,-0.93289200,1.48961000,0.32216400,-3.73692000
2.81616000,1.48244000,0.38171000,-0.93290100,1.48962000,0.32216300,-3.73692000
2.84616000,1.48248000,0.38169800,-0.93292500,1.48963000,0.32215100,-3.73692000
2.87616000,1.48248000,0.38169800,-0.93292500,1.48963000,0.32215100,-3.73692000
2.90616000,1.48245000,0.38170400,-0.93291500,1.48963000,0.32215000,-3.73692000
2.93617000,1.48235000,0.38159400,-0.93305100,1.48972000,0.32209300,-3.73693000
2.96790000,1.48235000,0.38159400,-0.93305100,1.48972000,0.32209300,-3.73693000
2.99790000,1.48244000,0.38169500,-0.93291500,1.48964000,0.32214500,-3.73692000
3.02790000,1.48243000,0.38167100,-0.93292700,1.48965000,0.32213700,-3.73692000
3.05790000,1.48243000,0.38167100,-0.93292700,1.48965000,0.32213700,-3.73692000
3.08791000,1.48242000,0.38165600,-0.93299700,1.48968000,0.32211300,-3.73693000
3.11791000,1.48242000,0.38165600,-0.93299700,1.48968000,0.32211300,-3.73693000
3.14791000,1.48243000,0.38165500,-0.93294800,1.48967000,0.32213000,-3.73692000
3.17791000,1.48251000,0.38167000,-0.93295500,1.48967000,0.32212600,-3.73692000
3.21472000,1.48251000,0.38167000,-0.93295500,1.48967000,0.32212600,-3.73692000
3.25943000,1.48251000,0.38167000,-0.93295500,1.48967000,0.32212600,-3.73692000
3.28944000,1.48232000,0.38143000,-0.93312600,1.48980000,0.32203700,-3.73693000
3.32791000,1.48232000,0.38143000,-0.93312600,1.48980000,0.32203700,-3.73693000
3.35791000,1.48242000,0.38157500,-0.93306500,1.48974000,0.32207800,-3.73693000
3.39407000,1.48242000,0.38157500,-0.93306500,1.48974000,0.32207800,-3.73693000
3.43647000,1.48242000,0.38157500,-0.93306500,1.48974000,0.32207800,-3.73693000
3.46648000,1.48252000,0.38174300,-0.93288700,1.48962000,0.32215400,-3.73693000
3.50582000,1.48252000,0.38174300,-0.93288700,1.48962000,0.32215400,-3.73693000
3.53582000,1.48244000,0.38163100,-0.93298200,1.48969000,0.32211700,-3.73693000
3.56582000,1.48233000,0.38122600,-0.93300200,1.48977000,0.32207300,-3.73692000
3.59582000,1.48233000,0.38122600,-0.93300200,1.48977000,0.32207300,-3.73692000
3.62583000,1.48242000,0.38158600,-0.93311000,1.48975000,0.32208700,-3.73693000
3.65583000,1.48242000,0.38158600,-0.93311000,1.48975000,0.32208700,-3.73693000
3.68583000,1.48242000,0.38153700,-0.93309100,1.48975000,0.32208600,-3.73692000
3.71583000,1.48244000,0.38155000,-0.93311700,1.48976000,0.32207800,-3.73693000
3.74774000,1.48244000,0.38155000,-0.93311700,1.48976000,0.32207800,-3.73693000
3.77774000,1.48242000,0.38152600,-0.93308800,1.48975000,0.32208600,-3.73692000
3.80774000,1.48243000,0.38151200,-0.93310000,1.48973000,0.32210300,-3.73692000
3.83774000,1.48243000,0.38151200,-0.93310000,1.48973000,0.32210300,-3.73692000
3.86775000,1.48242000,0.38135900,-0.93308000,1.48975000,0.32208500,-3.73692000
3.89775000,1.48245000,0.38132900,-0.93312300,1.48978000,0.32206600,-3.73692000
3.92903000,1.48245000,0.38132900,-0.93312300,1.48978000,0.32206600,-3.73692000
3.95903000,1.48243000,0.38139700,-0.93308300,1.48975000,0.32208600,-3.73692000
3.98904000,1.48247000,0.38138800,-0.93311500,1.48977000,0.32207200,-3.73692000
4.01904000,1.48247000,0.38138800,-0.93311500,1.48977000,0.32207200,-3.73692000
4.04904000,1.48243000,0.38141000,-0.93309300,1.48975000,0.32208700,-3.73692000
4.07904000,1.48243000,0.38141500,-0.93310100,1.48975000,0.32208500,-3.73692000
4.11450000,1.48243000,0.38141500,-0.93310100,1.48975000,0.32208500,-3.73692000
4.15777000,1.48243000,0.38141500,-0.93310100,1.48975000,0.32208500,-3.73692000
4.18777000,1.48232000,0.38115600,-0.93339600,1.48995000,0.32195200,-3.73693000
4.22484000,1.48232000,0.38115600,-0.93339600,1.48995000,0.32195200,-3.73693000
4.25484000,1.48245000,0.38137800,-0.93308900,1.48975000,0.32207800,-3.73692000
4.29276000,1.48245000,0.38137800,-0.93308900,1.48975000,0.32207800,-3.73692000
4.33435000,1.48245000,0.38137800,-0.93308900,1.48975000,0.32207800,-3.73692000
4.36435000,1.48251000,0.38178000,-0.93256900,1.48942000,0.32231200,-3.73692000
4.40161000,1.48251000,0.38178000,-0.93256900,1.48942000,0.32231200,-3.73692000
4.43161000,1.48235000,0.38131200,-0.93315700,1.48981000,0.32207000,-3.73693000
4.46162000,1.48235000,0.38131200,-0.93315700,1.48981000,0.32207000,-3.73693000
4.49162000,1.48243000,0.38125700,-0.93331500,1.48991000,0.32199700,-3.73692000
4.52162000,1.48248000,0.38130600,-0.93328500,1.48989000,0.32201000,-3.73693000
4.55162000,1.48248000,0.38130600,-0.93328500,1.48989000,0.32201000,-3.73693000
4.58162000,1.48248000,0.38130600,-0.93328500,1.48989000,0.32201000,-3.73693000
4.61163000,1.48247000,0.38131800,-0.93329200,1.48989000,0.32200600,-3.73693000
4.64588000,1.48247000,0.38131800,-0.93329200,1.48989000,0.32200600,-3.73693000
4.67588000,1.48242000,0.38137000,-0.93320500,1.48988000,0.32197600,-3.73693000
4.70588000,1.48239000,0.38147300,-0.93300900,1.48978000,0.32203500,-3.73692000
4.73589000,1.48239000,0.38147300,-0.93300900,1.48978000,0.32203500,-3.73692000
4.79121000,1.48239000,0.38147300,-0.93300900,1.48978000,0.32203500,-3.73692000
4.82121000,1.48252000,0.38168700,-0.93281800,1.48962000,0.32215000,-3.73693000
4.85642000,1.48252000,0.38168700,-0.93281800,1.48962000,0.32215000,-3.73693000
4.88643000,1.48243000,0.38140300,-0.93305700,1.48978000,0.32203800,-3.73692000
4.91643000,1.48241000,0.38136800,-0.93308800,1.48981000,0.32202100,-3.73693000
4.94644000,1.48241000,0.38136800,-0.93308800,1.48981000,0.32202100,-3.73693000
4.97644000,1.48242000,0.38142000,-0.93304400,1.48978000,0.32203800,-3.73692000
5.00644000,1.48243000,0.38140000,-0.93303300,1.48978000,0.32203700,-3.73692000
5.03690000,1.48243000,0.38140000,-0.93303300,1.48978000,0.32203700,-3.73692000
5.06690000,1.48253000,0.38141400,-0.93304200,1.48980000,0.32202100,-3.73693000
5.14917000,1.48253000,0.38141400,-0.93304200,1.48980000,0.32202100,-3.73693000
5.17918000,1.48272000,0.38138300,-0.93329400,1.48991000,0.32193700,-3.73693000
5.21683000,1.48272000,0.38138300,-0.93329400,1.48991000,0.32193700,-3.73693000
5.24684000,1.48245000,0.38148200,-0.93302200,1.48976000,0.32205000,-3.73692000
5.28182000,1.48245000,0.38148200,-0.93302200,1.48976000,0.32205000,-3.73692000
5.32535000,1.48243000,0.38146700,-0.93302300,1.48977000,0.32205100,-3.73692000
5.35535000,1.48253000,0.38140000,-0.93314400,1.48984000,0.32199700,-3.73693000
5.39114000,1.48253000,0.38140000,-0.93314400,1.48984000,0.32199700,-3.73693000
5.42114000,1.48252000,0.38147400,-0.93302500,1.48976000,0.32205300,-3.73692000
5.45882000,1.48252000,0.38147400,-0.93302500,1.48976000,0.32205300,-3.73692000
5.48883000,1.48261000,0.38144500,-0.93306000,1.48978000,0.32203800,-3.73692000
5.51883000,1.48261000,0.38150000,-0.93292600,1.48970000,0.32209200,-3.73693000
5.54883000,1.48261000,0.38150000,-0.93292600,1.48970000,0.32209200,-3.73693000
5.57883000,1.48261000,0.38140900,-0.93311500,1.48981000,0.32201100,-3.73693000
5.60883000,1.48261000,0.38140900,-0.93311500,1.48981000,0.32201100,-3.73693000
5.63884000,1.48258000,0.38144900,-0.93305800,1.48978000,0.32203500,-3.73692000
5.66884000,1.48258000,0.38144900,-0.93305800,1.48978000,0.32203500,-3.73692000
5.69884000,1.48258000,0.38143900,-0.93305100,1.48978000,0.32203400,-3.73692000
5.72885000,1.48258000,0.38143900,-0.93305100,1.48978000,0.32203400,-3.73692000
5.75885000,1.48257000,0.38140100,-0.93309700,1.48981000,0.32201700,-3.73693000
5.78885000,1.48257000,0.38140100,-0.93309700,1.48981000,0.32201700,-3.73693000
5.81886000,1.48259000,0.38143100,-0.93305600,1.48978000,0.32203200,-3.73692000
5.84886000,1.48259000,0.38143100,-0.93305600,1.48978000,0.32203200,-3.73692000
5.87886000,1.48259000,0.38143100,-0.93305600,1.48978000,0.32203200,-3.73692000
5.90886000,1.48258000,0.38144200,-0.93305500,1.48978000,0.32203500,-3.73692000
5.93886000,1.48258000,0.38131700,-0.93317100,1.48986000,0.32198300,-3.73693000
5.96887000,1.48258000,0.38131700,-0.93317100,1.48986000,0.32198300,-3.73693000
5.99887000,1.48258000,0.38144000,-0.93305400,1.48978000,0.32203500,-3.73692000
6.02888000,1.48258000,0.38144000,-0.93305400,1.48978000,0.32203500,-3.73692000
6.05888000,1.48251000,0.38141900,-0.93305700,1.48979000,0.32203100,-3.73692000
6.08888000,1.48251000,0.38141900,-0.93305700,1.48979000,0.32203100,-3.73692000
6.11888000,1.48257000,0.38139800,-0.93307400,1.48978000,0.32202600,-3.73692000
6.14888000,1.48261000,0.38141800,-0.93304800,1.48976000,0.32203800,-3.73693000
6.18117000,1.48261000,0.38141800,-0.93304800,1.48976000,0.32203800,-3.73693000
6.21117000,1.48258000,0.38136100,-0.93307300,1.48979000,0.32202000,-3.73692000
6.24118000,1.48293000,0.38166200,-0.93261800,1.48951000,0.32220300,-3.73692000
6.28638000,1.48293000,0.38166200,-0.93261800,1.48951000,0.32220300,-3.73692000
6.31638000,1.48260000,0.38133900,-0.93311800,1.48982000,0.32200100,-3.73693000
6.35609000,1.48260000,0.38133900,-0.93311800,1.48982000,0.32200100,-3.73693000
6.38609000,1.48259000,0.38138000,-0.93306900,1.48978000,0.32202400,-3.73692000
6.41609000,1.48259000,0.38138000,-0.93306900,1.48978000,0.32202400,-3.73692000
6.44609000,1.48234000,0.38140100,-0.93294100,1.48973000,0.32207700,-3.73692000
6.47609000,1.48275000,0.38144900,-0.93297200,1.48971000,0.32205400,-3.73693000
6.50610000,1.48275000,0.38144900,-0.93297200,1.48971000,0.32205400,-3.73693000
6.53610000,1.48279000,0.38147200,-0.93294900,1.48969000,0.32205300,-3.73693000
6.56610000,1.48279000,0.38147200,-0.93294900,1.48969000,0.32205300,-3.73693000
6.59723000,1.48279000,0.38147200,-0.93294900,1.48969000,0.32205300,-3.73693000
6.62724000,1.48282000,0.38149400,-0.93292800,1.48968000,0.32206400,-3.73692000
6.65724000,1.48273000,0.38144400,-0.93290600,1.48968000,0.32206900,-3.73692000
6.68724000,1.48273000,0.38144400,-0.93290600,1.48968000,0.32206900,-3.73692000
6.71724000,1.48276000,0.38148300,-0.93293400,1.48968000,0.32206400,-3.73692000
6.74724000,1.48272000,0.38150600,-0.93286800,1.48965000,0.32209300,-3.73692000
6.79399000,1.48272000,0.38150600,-0.93286800,1.48965000,0.32209300,-3.73692000
6.82399000,1.48297000,0.38162800,-0.93274200,1.48956000,0.32214600,-3.73692000
6.86232000,1.48297000,0.38162800,-0.93274200,1.48956000,0.32214600,-3.73692000
6.89232000,1.48284000,0.38154700,-0.93284100,1.48962000,0.32210700,-3.73693000
6.92914000,1.48284000,0.38154700,-0.93284100,1.48962000,0.32210700,-3.73693000
6.95915000,1.48276000,0.38148200,-0.93293000,1.48968000,0.32206400,-3.73692000
6.98915000,1.48269000,0.38142800,-0.93294800,1.48970000,0.32206100,-3.73692000
7.01915000,1.48269000,0.38142800,-0.93294800,1.48970000,0.32206100,-3.73692000
7.04915000,1.48282000,0.38147800,-0.93294900,1.48966000,0.32207900,-3.73693000
7.07916000,1.48282000,0.38147800,-0.93294900,1.48966000,0.32207900,-3.73693000
7.10916000,1.48293000,0.38151600,-0.93286800,1.48962000,0.32209600,-3.73692000
7.13916000,1.48293000,0.38151600,-0.93286800,1.48962000,0.32209600,-3.73692000
7.16916000,1.48293000,0.38151600,-0.93286800,1.48962000,0.32209600,-3.73692000
7.19916000,1.48293000,0.38151600,-0.93286800,1.48962000,0.32209600,-3.73692000
7.22917000,1.48261000,0.38127600,-0.93300500,1.48973000,0.32203100,-3.73692000
7.27180000,1.48261000,0.38127600,-0.93300500,1.48973000,0.32203100,-3.73692000
7.30180000,1.48281000,0.38147400,-0.93289000,1.48963000,0.32208800,-3.73692000
7.33698000,1.48281000,0.38147400,-0.93289000,1.48963000,0.32208800,-3.73692000
7.36698000,1.48286000,0.38150600,-0.93286900,1.48961000,0.32209900,-3.73692000
7.40429000,1.48286000,0.38150600,-0.93286900,1.48961000,0.32209900,-3.73692000
7.43430000,1.48286000,0.38150100,-0.93286100,1.48961000,0.32210400,-3.73692000
7.46430000,1.48271000,0.38130600,-0.93300400,1.48971000,0.32203800,-3.73693000
7.49430000,1.48271000,0.38130600,-0.93300400,1.48971000,0.32203800,-3.73693000
7.52430000,1.48264000,0.38132300,-0.93300300,1.48971000,0.32204400,-3.73693000
7.55431000,1.48264000,0.38132300,-0.93300300,1.48971000,0.32204400,-3.73693000
7.58431000,1.48272000,0.38140900,-0.93287900,1.48963000,0.32208600,-3.73692000
7.61431000,1.48295000,0.38157100,-0.93267900,1.48951000,0.32217600,-3.73692000
7.64901000,1.48295000,0.38157100,-0.93267900,1.48951000,0.32217600,-3.73692000
7.69640000,1.48277000,0.38141900,-0.93289300,1.48964000,0.32208300,-3.73692000
7.72640000,1.48332000,0.38193400,-0.93226600,1.48926000,0.32242100,-3.73689000
7.79405000,1.48332000,0.38193400,-0.93226600,1.48926000,0.32242100,-3.73689000
7.82405000,1.48232000,0.38111900,-0.93324800,1.48987000,0.32194500,-3.73693000
7.86216000,1.48232000,0.38111900,-0.93324800,1.48987000,0.32194500,-3.73693000
7.90920000,1.48232000,0.38111900,-0.93324800,1.48987000,0.32194500,-3.73693000
7.93920000,1.48239000,0.38125300,-0.93308500,1.48977000,0.32202000,-3.73693000
7.98237000,1.48239000,0.38125300,-0.93308500,1.48977000,0.32202000,-3.73693000
8.02433000,1.48239000,0.38125300,-0.93308500,1.48977000,0.32202000,-3.73693000
8.05433000,1.48280000,0.38168700,-0.93219300,1.48934000,0.32234700,-3.73690000
8.09256000,1.48280000,0.38168700,-0.93219300,1.48934000,0.32234700,-3.73690000
8.12256000,1.48317000,0.38152800,-0.93271500,1.48960000,0.32212900,-3.73692000
8.16216000,1.48317000,0.38152800,-0.93271500,1.48960000,0.32212900,-3.73692000
8.20534000,1.48317000,0.38152400,-0.93273900,1.48959000,0.32213600,-3.73692000
8.23534000,1.48426000,0.38143500,-0.93320200,1.48981000,0.32364000,-3.73739000
8.26960000,1.48426000,0.38143500,-0.93320200,1.48981000,0.32364000,-3.73739000
8.29960000,1.48233000,0.38137300,-0.93275800,1.48962000,0.32212300,-3.73692000
8.33718000,1.48233000,0.38137300,-0.93275800,1.48962000,0.32212300,-3.73692000
8.36718000,1.48234000,0.38136500,-0.93292700,1.48974000,0.32205500,-3.73692000
8.40363000,1.48234000,0.38136500,-0.93292700,1.48974000,0.32205500,-3.73692000
8.44672000,1.48234000,0.38136500,-0.93292700,1.48974000,0.32205500,-3.73692000
8.47673000,1.48218000,0.38133800,-0.93299700,1.48988000,0.32208100,-3.73693000
8.51715000,1.48218000,0.38133800,-0.93299700,1.48988000,0.32208100,-3.73693000
8.54715000,1.48332000,0.38136200,-0.93262700,1.48969000,0.32288300,-3.73695000
8.57715000,1.48352000,0.38133900,-0.93242400,1.48958000,0.32345700,-3.73697000
8.60715000,1.48352000,0.38133900,-0.93242400,1.48958000,0.32345700,-3.73697000
8.63715000,1.48357000,0.38146000,-0.93261400,1.48962000,0.32347800,-3.73698000
8.66716000,1.48357000,0.38146000,-0.93261400,1.48962000,0.32347800,-3.73698000
8.70005000,1.48357000,0.38146000,-0.93261400,1.48962000,0.32347800,-3.73698000
8.74766000,1.48311000,0.38156400,-0.93244400,1.48949000,0.32251700,-3.73697000
8.77766000,1.48352000,0.38177300,-0.93166900,1.48957000,0.32310100,-3.73649000
8.81333000,1.48352000,0.38177300,-0.93166900,1.48957000,0.32310100,-3.73649000
8.84333000,1.48244000,0.38134800,-0.93276000,1.48970000,0.32235400,-3.73698000
8.88329000,1.48244000,0.38134800,-0.93276000,1.48970000,0.32235400,-3.73698000
8.92806000,1.48291000,0.38134400,-0.93290200,1.48977000,0.32313400,-3.73698000
8.95806000,1.48290000,0.38121800,-0.93352700,1.49008000,0.32293900,-3.73700000
8.99215000,1.48290000,0.38121800,-0.93352700,1.49008000,0.32293900,-3.73700000
9.02215000,1.48351000,0.38145700,-0.93269300,1.48967000,0.32316400,-3.73696000
9.06006000,1.48351000,0.38145700,-0.93269300,1.48967000,0.32316400,-3.73696000
9.11034000,1.48333000,0.38147100,-0.93260800,1.48964000,0.32276200,-3.73695000
9.14034000,1.48318000,0.38065200,-0.93323000,1.49012000,0.32244700,-3.73695000
9.17608000,1.48318000,0.38065200,-0.93323000,1.49012000,0.32244700,-3.73695000
9.20608000,1.48256000,0.38142400,-0.93268800,1.48969000,0.32278500,-3.73695000
9.23608000,1.48255000,0.38141300,-0.93282900,1.48966000,0.32286300,-3.73695000
9.26608000,1.48255000,0.38141300,-0.93282900,1.48966000,0.32286300,-3.73695000
9.29608000,1.48255000,0.38141300,-0.93282900,1.48966000,0.32286300,-3.73695000
9.32609000,1.48279000,0.38140300,-0.93320000,1.48977000,0.32282800,-3.73695000
9.35609000,1.48297000,0.38142800,-0.93318800,1.48980000,0.32281500,-3.73695000
9.38609000,1.48297000,0.38142800,-0.93318800,1.48980000,0.32281500,-3.73695000
9.41695000,1.48297000,0.38142800,-0.93318800,1.48980000,0.32281500,-3.73695000
9.44695000,1.48305000,0.38134900,-0.93306300,1.48985000,0.32278700,-3.73695000
9.48180000,1.48305000,0.38134900,-0.93306300,1.48985000,0.32278700,-3.73695000
9.51181000,1.48305000,0.38134900,-0.93306300,1.48985000,0.32278700,-3.73695000
9.54181000,1.48272000,0.38123400,-0.93314600,1.48991000,0.32274200,-3.73696000
9.57181000,1.48272000,0.38123400,-0.93314600,1.48991000,0.32274200,-3.73696000
9.60181000,1.48277000,0.38130700,-0.93300400,1.48983000,0.32281000,-3.73695000
9.63181000,1.48277000,0.38130700,-0.93300400,1.48983000,0.32281000,-3.73695000
9.66181000,1.48277000,0.38130700,-0.93300400,1.48983000,0.32281000,-3.73695000
9.69181000,1.48288000,0.38132600,-0.93299900,1.48982000,0.32280800,-3.73695000
9.72182000,1.48296000,0.38127800,-0.93303900,1.48985000,0.32278800,-3.73695000
9.75182000,1.48296000,0.38127800,-0.93303900,1.48985000,0.32278800,-3.73695000
9.79948000,1.48296000,0.38127800,-0.93303900,1.48985000,0.32278800,-3.73695000
9.82948000,1.48291000,0.38133100,-0.93296800,1.48980000,0.32282000,-3.73695000
9.86910000,1.48291000,0.38133100,-0.93296800,1.48980000,0.32282000,-3.73695000
9.91767000,1.48291000,0.38133100,-0.93296800,1.48980000,0.32282000,-3.73695000
9.94767000,1.48275000,0.38120900,-0.93335600,1.49001000,0.32268100,-3.73696000
9.98378000,1.48275000,0.38120900,-0.93335600,1.49001000,0.32268100,-3.73696000
10.01380000,1.48286000,0.38127000,-0.93309400,1.48987000,0.32276900,-3.73695000
10.04810000,1.48286000,0.38127000,-0.93309400,1.48987000,0.32276900,-3.73695000
10.07810000,1.48288000,0.38131400,-0.93301100,1.48982000,0.32280100,-3.73695000
10.10810000,1.48287000,0.38129100,-0.93303000,1.48984000,0.32279400,-3.73695000
10.13810000,1.48287000,0.38129100,-0.93303000,1.48984000,0.32279400,-3.73695000
10.16810000,1.48285000,0.38129000,-0.93303300,1.48983000,0.32280400,-3.73695000
10.19810000,1.48285000,0.38129000,-0.93303300,1.48983000,0.32280400,-3.73695000
10.22820000,1.48285000,0.38129000,-0.93303300,1.48983000,0.32280400,-3.73695000
10.25820000,1.48285000,0.38129900,-0.93314900,1.48990000,0.32276800,-3.73695000
10.28820000,1.48284000,0.38125300,-0.93320300,1.48994000,0.32274300,-3.73696000
10.31830000,1.48284000,0.38125300,-0.93320300,1.48994000,0.32274300,-3.73696000
10.34830000,1.48284000,0.38127700,-0.93318300,1.48993000,0.32275300,-3.73696000
10.37830000,1.48284000,0.38127700,-0.93318300,1.48993000,0.32275300,-3.73696000
10.40930000,1.48284000,0.38127700,-0.93318300,1.48993000,0.32275300,-3.73696000
10.43930000,1.48285000,0.38129900,-0.93313900,1.48991000,0.32276800,-3.73695000
10.46930000,1.48280000,0.38127700,-0.93318200,1.48993000,0.32275600,-3.73696000
10.49930000,1.48280000,0.38127700,-0.93318200,1.48993000,0.32275600,-3.73696000
10.52930000,1.48285000,0.38128400,-0.93314300,1.48991000,0.32276400,-3.73695000
10.57240000,1.48285000,0.38128400,-0.93314300,1.48991000,0.32276400,-3.73695000
10.60240000,1.48292000,0.38131800,-0.93316000,1.48991000,0.32275700,-3.73695000
10.63780000,1.48292000,0.38131800,-0.93316000,1.48991000,0.32275700,-3.73695000
10.66780000,1.48279000,0.38126400,-0.93315200,1.48992000,0.32275800,-3.73695000
10.70400000,1.48279000,0.38126400,-0.93315200,1.48992000,0.32275800,-3.73695000
10.73400000,1.48275000,0.38122500,-0.93321900,1.48996000,0.32273000,-3.73696000
10.80070000,1.48275000,0.38122500,-0.93321900,1.48996000,0.32273000,-3.73696000
10.83070000,1.48275000,0.38122500,-0.93321900,1.48996000,0.32273000,-3.73696000
10.86070000,1.48318000,0.38145800,-0.93282300,1.48972000,0.32287200,-3.73695000
10.89070000,1.48318000,0.38145800,-0.93282300,1.48972000,0.32287200,-3.73695000
10.92070000,1.48283000,0.38128500,-0.93314600,1.48991000,0.32275700,-3.73695000
10.95070000,1.48283000,0.38128500,-0.93314600,1.48991000,0.32275700,-3.73695000
10.98070000,1.48280000,0.38127700,-0.93315800,1.48992000,0.32274600,-3.73695000
11.01070000,1.48280000,0.38127700,-0.93315800,1.48992000,0.32274600,-3.73695000
11.04070000,1.48280000,0.38127700,-0.93315800,1.48992000,0.32274600,-3.73695000
11.07070000,1.48278000,0.38127100,-0.93316400,1.48994000,0.32274400,-3.73696000
11.10080000,1.48279000,0.38141400,-0.93288400,1.48977000,0.32286000,-3.73696000
11.14390000,1.48279000,0.38141400,-0.93288400,1.48977000,0.32286000,-3.73696000
11.17390000,1.48301000,0.38129400,-0.93313300,1.48992000,0.32274700,-3.73695000
11.20980000,1.48301000,0.38129400,-0.93313300,1.48992000,0.32274700,-3.73695000
11.23980000,1.48293000,0.38128400,-0.93316100,1.48993000,0.32273800,-3.73695000
11.27550000,1.48293000,0.38128400,-0.93316100,1.48993000,0.32273800,-3.73695000
11.30550000,1.48270000,0.38121300,-0.93314900,1.48994000,0.32273800,-3.73695000
11.34180000,1.48270000,0.38121300,-0.93314900,1.48994000,0.32273800,-3.73695000
11.37180000,1.48284000,0.38129900,-0.93308100,1.48989000,0.32276400,-3.73695000
11.40180000,1.48333000,0.38170400,-0.93284200,1.48969000,0.32288800,-3.73696000
11.43180000,1.48333000,0.38170400,-0.93284200,1.48969000,0.32288800,-3.73696000
11.46180000,1.48279000,0.38121200,-0.93320200,1.48997000,0.32271700,-3.73696000
11.49180000,1.48279000,0.38121200,-0.93320200,1.48997000,0.32271700,-3.73696000
11.52180000,1.48285000,0.38128600,-0.93308700,1.48990000,0.32276100,-3.73695000
11.55180000,1.48285000,0.38128600,-0.93308700,1.48990000,0.32276100,-3.73695000
11.58190000,1.48285000,0.38128600,-0.93308700,1.48990000,0.32276100,-3.73695000
11.61190000,1.48285000,0.38128600,-0.93308700,1.48990000,0.32276100,-3.73695000
11.64190000,1.48227000,0.38143200,-0.93275700,1.48972000,0.32291500,-3.73695000
11.67190000,1.48227000,0.38143200,-0.93275700,1.48972000,0.32291500,-3.73695000
11.70190000,1.48313000,0.38135200,-0.93314300,1.48992000,0.32275200,-3.73696000
11.73190000,1.48313000,0.38135200,-0.93314300,1.48992000,0.32275200,-3.73696000
11.76190000,1.48327000,0.38138400,-0.93305300,1.48987000,0.32277500,-3.73696000
11.79190000,1.48327000,0.38138400,-0.93305300,1.48987000,0.32277500,-3.73696000
11.82190000,1.48327000,0.38138400,-0.93305300,1.48987000,0.32277500,-3.73696000
11.85190000,1.48304000,0.38133200,-0.93309000,1.48990000,0.32274400,-3.73696000
11.88190000,1.48344000,0.38122900,-0.93298900,1.48989000,0.32271100,-3.73696000
11.91200000,1.48344000,0.38122900,-0.93298900,1.48989000,0.32271100,-3.73696000
11.94200000,1.48219000,0.38131400,-0.93298600,1.48987000,0.32278400,-3.73695000
11.97200000,1.48219000,0.38131400,-0.93298600,1.48987000,0.32278400,-3.73695000
12.00200000,1.48265000,0.38137400,-0.93294300,1.48984000,0.32280800,-3.73695000
12.03200000,1.48265000,0.38137400,-0.93294300,1.48984000,0.32280800,-3.73695000
12.06200000,1.48326000,0.38138000,-0.93300000,1.48986000,0.32278000,-3.73695000
12.09200000,1.48326000,0.38138000,-0.93300000,1.48986000,0.32278000,-3.73695000
12.12200000,1.48335000,0.38132500,-0.93301100,1.48987000,0.32276300,-3.73695000
12.15200000,1.48335000,0.38132500,-0.93301100,1.48987000,0.32276300,-3.73695000
12.18200000,1.48339000,0.38120800,-0.93317100,1.48997000,0.32267200,-3.73696000
12.21200000,1.48339000,0.38120800,-0.93317100,1.48997000,0.32267200,-3.73696000
12.24200000,1.48236000,0.38135500,-0.93290800,1.48982000,0.32280500,-3.73695000
12.27200000,1.48236000,0.38135500,-0.93290800,1.48982000,0.32280500,-3.73695000
12.30380000,1.48236000,0.38135500,-0.93290800,1.48982000,0.32280500,-3.73695000
12.34770000,1.48236000,0.38135500,-0.93290800,1.48982000,0.32280500,-3.73695000
12.37770000,1.48125000,0.38148300,-0.93261700,1.48971000,0.32213200,-3.73679000
12.41240000,1.48125000,0.38148300,-0.93261700,1.48971000,0.32213200,-3.73679000
12.44240000,1.48324000,0.38134600,-0.93300500,1.48986000,0.32276600,-3.73695000
12.48390000,1.48324000,0.38134600,-0.93300500,1.48986000,0.32276600,-3.73695000
12.52680000,1.48324000,0.38134600,-0.93300500,1.48986000,0.32276600,-3.73695000
12.55680000,1.48341000,0.38099500,-0.93319200,1.49003000,0.32261100,-3.73696000
12.59470000,1.48341000,0.38099500,-0.93319200,1.49003000,0.32261100,-3.73696000
12.62470000,1.48237000,0.38136300,-0.93287600,1.48980000,0.32279600,-3.73695000
12.66100000,1.48237000,0.38136300,-0.93287600,1.48980000,0.32279600,-3.73695000
12.69100000,1.48237000,0.38132600,-0.93294400,1.48985000,0.32269900,-3.73695000
12.72100000,1.48202000,0.38150500,-0.93301900,1.48984000,0.32271100,-3.73695000
12.75100000,1.48202000,0.38150500,-0.93301900,1.48984000,0.32271100,-3.73695000
12.80820000,1.48202000,0.38150500,-0.93301900,1.48984000,0.32271100,-3.73695000
12.83820000,1.48265000,0.38131100,-0.93294800,1.48984000,0.32269800,-3.73695000
12.86820000,1.48265000,0.38131100,-0.93294800,1.48984000,0.32269800,-3.73695000
12.89820000,1.48156000,0.38084100,-0.93376800,1.49017000,0.32220000,-3.73710000
12.92820000,1.48548000,0.38165400,-0.93239200,1.49056000,0.32516700,-3.73772000
12.95820000,1.48548000,0.38165400,-0.93239200,1.49056000,0.32516700,-3.73772000
12.98820000,1.48237000,0.38131700,-0.93290100,1.48982000,0.32267600,-3.73694000
13.01830000,1.48237000,0.38131700,-0.93290100,1.48982000,0.32267600,-3.73694000
13.04830000,1.48215000,0.38131400,-0.93294300,1.48984000,0.32267500,-3.73695000
13.07830000,1.48215000,0.38131400,-0.93294300,1.48984000,0.32267500,-3.73695000
13.10830000,1.48170000,0.38124800,-0.93276300,1.48982000,0.32254300,-3.73689000
13.13830000,1.48170000,0.38124800,-0.93276300,1.48982000,0.32254300,-3.73689000
13.16830000,1.48328000,0.38140500,-0.93291200,1.48987000,0.32315200,-3.73700000
13.19830000,1.48328000,0.38140500,-0.93291200,1.48987000,0.32315200,-3.73700000
13.22830000,1.48328000,0.38140500,-0.93291200,1.48987000,0.32315200,-3.73700000
13.25830000,1.48447000,0.38137100,-0.93309500,1.48998000,0.32387000,-3.73705000
13.29310000,1.48447000,0.38137100,-0.93309500,1.48998000,0.32387000,-3.73705000
13.33570000,1.48447000,0.38137100,-0.93309500,1.48998000,0.32387000,-3.73705000
13.36570000,1.48594000,0.38059600,-0.93410800,1.49042000,0.32517700,-3.73810000
13.40090000,1.48594000,0.38059600,-0.93410800,1.49042000,0.32517700,-3.73810000
13.43090000,1.48299000,0.38137300,-0.93283400,1.48988000,0.32357600,-3.73706000
13.46640000,1.48299000,0.38137300,-0.93283400,1.48988000,0.32357600,-3.73706000
13.49640000,1.48299000,0.38137300,-0.93283400,1.48988000,0.32357600,-3.73706000
13.52640000,1.48148000,0.38158100,-0.93222200,1.48980000,0.32192500,-3.73658000
13.55640000,1.48148000,0.38158100,-0.93222200,1.48980000,0.32192500,-3.73658000
13.58640000,1.48260000,0.38148800,-0.93274400,1.48987000,0.32341400,-3.73709000
13.61640000,1.48260000,0.38148800,-0.93274400,1.48987000,0.32341400,-3.73709000
13.64640000,1.48260000,0.38148800,-0.93274400,1.48987000,0.32341400,-3.73709000
13.67640000,1.48397000,0.38121000,-0.93311500,1.49008000,0.32417800,-3.73753000
13.70640000,1.48416000,0.38123900,-0.93320400,1.49006000,0.32477700,-3.73762000
13.73640000,1.48530000,0.38114300,-0.93333700,1.49014000,0.32470300,-3.73762000
13.80680000,1.48530000,0.38114300,-0.93333700,1.49014000,0.32470300,-3.73762000
13.83680000,1.48771000,0.38153600,-0.93262600,1.49284000,0.32736300,-3.74025000
13.87750000,1.48771000,0.38153600,-0.93262600,1.49284000,0.32736300,-3.74025000
13.90750000,1.48391000,0.38131700,-0.93313300,1.49002000,0.32421200,-3.73745000
13.94350000,1.48391000,0.38131700,-0.93313300,1.49002000,0.32421200,-3.73745000
13.97350000,1.48266000,0.38118300,-0.93312200,1.49007000,0.32336000,-3.73738000
14.01480000,1.48266000,0.38118300,-0.93312200,1.49007000,0.32336000,-3.73738000
14.06090000,1.48278000,0.38136800,-0.93298600,1.49001000,0.32356000,-3.73740000
14.09090000,1.48015000,0.38155700,-0.93253400,1.48944000,0.32036200,-3.73633000
14.12480000,1.48015000,0.38155700,-0.93253400,1.48944000,0.32036200,-3.73633000
14.15480000,1.48500000,0.38124100,-0.93329100,1.49042000,0.32474200,-3.73767000
14.19140000,1.48500000,0.38124100,-0.93329100,1.49042000,0.32474200,-3.73767000
14.22140000,1.48574000,0.38125700,-0.93314200,1.49046000,0.32494300,-3.73787000
14.25140000,1.48586000,0.38106600,-0.93315000,1.49063000,0.32520500,-3.73796000
14.28140000,1.48586000,0.38106600,-0.93315000,1.49063000,0.32520500,-3.73796000
14.31140000,1.48473000,0.38127300,-0.93312500,1.49045000,0.32440500,-3.73781000
14.34140000,1.48473000,0.38127300,-0.93312500,1.49045000,0.32440500,-3.73781000
14.37140000,1.48330000,0.38135400,-0.93288100,1.49029000,0.32371700,-3.73764000
14.40140000,1.48330000,0.38135400,-0.93288100,1.49029000,0.32371700,-3.73764000
14.43140000,1.48279000,0.38129700,-0.93300900,1.49034000,0.32334600,-3.73761000
14.46140000,1.48279000,0.38129700,-0.93300900,1.49034000,0.32334600,-3.73761000
14.49140000,1.48277000,0.38123400,-0.93303400,1.49036000,0.32341800,-3.73760000
14.52140000,1.48277000,0.38123400,-0.93303400,1.49036000,0.32341800,-3.73760000
14.55140000,1.48412000,0.38113400,-0.93320200,1.49045000,0.32400100,-3.73759000
14.58140000,1.48412000,0.38113400,-0.93320200,1.49045000,0.32400100,-3.73759000
14.61140000,1.48560000,0.38120700,-0.93328800,1.49043000,0.32489700,-3.73786000
14.64140000,1.48560000,0.38120700,-0.93328800,1.49043000,0.32489700,-3.73786000
14.67180000,1.48560000,0.38120700,-0.93328800,1.49043000,0.32489700,-3.73786000
14.70180000,1.48560000,0.38120700,-0.93328800,1.49043000,0.32489700,-3.73786000
14.73180000,1.48755000,0.38146100,-0.93213700,1.49322000,0.32721200,-3.74006000
14.76180000,1.48755000,0.38146100,-0.93213700,1.49322000,0.32721200,-3.74006000
14.81030000,1.48755000,0.38146100,-0.93213700,1.49322000,0.32721200,-3.74006000
14.84030000,1.48400000,0.38126900,-0.93288100,1.49026000,0.32440300,-3.73759000
14.87640000,1.48400000,0.38126900,-0.93288100,1.49026000,0.32440300,-3.73759000
14.90640000,1.48400000,0.38126900,-0.93288100,1.49026000,0.32440300,-3.73759000
14.93640000,1.48281000,0.38152400,-0.93254000,1.49045000,0.32316500,-3.73755000
14.96640000,1.47939000,0.38169400,-0.93257500,1.48952000,0.31967000,-3.73654000
14.99810000,1.47939000,0.38169400,-0.93257500,1.48952000,0.31967000,-3.73654000
15.02810000,1.48504000,0.38136900,-0.93274200,1.49177000,0.32563700,-3.73885000
15.05810000,1.48638000,0.38134800,-0.93271000,1.49271000,0.32656000,-3.73941000
15.08810000,1.48638000,0.38134800,-0.93271000,1.49271000,0.32656000,-3.73941000
15.11810000,1.48729000,0.38129200,-0.93261800,1.49303000,0.32672600,-3.73951000
15.14810000,1.48753000,0.38121800,-0.93285400,1.49298000,0.32686100,-3.73995000
15.18030000,1.48753000,0.38121800,-0.93285400,1.49298000,0.32686100,-3.73995000
15.21030000,1.48701000,0.38131000,-0.93266700,1.49271000,0.32624700,-3.73960000
15.24030000,1.49114000,0.38231800,-0.93012700,1.49881000,0.33060300,-3.74467000
15.27030000,1.49114000,0.38231800,-0.93012700,1.49881000,0.33060300,-3.74467000
15.30030000,1.48316000,0.38145400,-0.93242900,1.49167000,0.32219200,-3.73839000
15.33030000,1.48316000,0.38145400,-0.93242900,1.49167000,0.32219200,-3.73839000
15.36030000,1.48068000,0.38129400,-0.93270800,1.49140000,0.32071000,-3.73817000
15.39030000,1.48068000,0.38129400,-0.93270800,1.49140000,0.32071000,-3.73817000
15.42040000,1.47968000,0.38098200,-0.93353900,1.48920000,0.31973000,-3.73645000
15.45040000,1.47946000,0.38090400,-0.93368400,1.48906000,0.31952000,-3.73635000
15.48340000,1.47946000,0.38090400,-0.93368400,1.48906000,0.31952000,-3.73635000
15.52640000,1.48002000,0.38137000,-0.93254800,1.49066000,0.32004800,-3.73731000
15.55640000,1.47496000,0.38144600,-0.93294200,1.48421000,0.31527800,-3.73107000
15.58940000,1.47496000,0.38144600,-0.93294200,1.48421000,0.31527800,-3.73107000
15.61940000,1.48448000,0.38164100,-0.93201500,1.49456000,0.32464500,-3.74119000
15.65670000,1.48448000,0.38164100,-0.93201500,1.49456000,0.32464500,-3.74119000
15.68670000,1.48747000,0.38141300,-0.93224100,1.49508000,0.32725700,-3.74118000
15.71670000,1.48272000,0.38086100,-0.93459600,1.49136000,0.32260400,-3.73970000
15.74670000,1.48272000,0.38086100,-0.93459600,1.49136000,0.32260400,-3.73970000
15.77670000,1.49134000,0.38115800,-0.93296900,1.49629000,0.33078400,-3.74386000
15.80670000,1.49134000,0.38115800,-0.93296900,1.49629000,0.33078400,-3.74386000
15.83670000,1.49012000,0.38131500,-0.93245400,1.49522000,0.32963800,-3.74237000
15.86670000,1.48983000,0.38134900,-0.93241500,1.49501000,0.32936300,-3.74214000
15.89970000,1.48983000,0.38134900,-0.93241500,1.49501000,0.32936300,-3.74214000
15.92970000,1.48716000,0.38098500,-0.93326000,1.49179000,0.32664600,-3.73922000
15.95970000,1.48405000,0.38111800,-0.93320900,1.49065000,0.32330500,-3.73786000
15.98970000,1.48405000,0.38111800,-0.93320900,1.49065000,0.32330500,-3.73786000
16.01970000,1.48001000,0.38157100,-0.93241500,1.49030000,0.32034100,-3.73709000
16.04970000,1.48001000,0.38157100,-0.93241500,1.49030000,0.32034100,-3.73709000
16.07970000,1.47799000,0.38136800,-0.93301600,1.48801000,0.31813600,-3.73502000
16.10970000,1.47799000,0.38136800,-0.93301600,1.48801000,0.31813600,-3.73502000
16.13970000,1.47510000,0.38087300,-0.93417600,1.48340000,0.31542100,-3.73094000
16.16970000,1.47510000,0.38087300,-0.93417600,1.48340000,0.31542100,-3.73094000
16.19970000,1.47502000,0.38103100,-0.93351000,1.48376000,0.31534100,-3.73079000
16.22970000,1.47502000,0.38103100,-0.93351000,1.48376000,0.31534100,-3.73079000
16.25970000,1.47726000,0.38166900,-0.93227100,1.48807000,0.31745100,-3.73459000
16.28970000,1.47726000,0.38166900,-0.93227100,1.48807000,0.31745100,-3.73459000
16.31970000,1.47972000,0.38161500,-0.93236600,1.49012000,0.31989200,-3.73685000
16.34970000,1.48019000,0.38155400,-0.93262500,1.49011000,0.32030700,-3.73706000
16.38110000,1.48019000,0.38155400,-0.93262500,1.49011000,0.32030700,-3.73706000
16.41110000,1.48232000,0.38129100,-0.93307800,1.48983000,0.32144400,-3.73686000
16.44110000,1.48059000,0.38056100,-0.93384200,1.48971000,0.32047900,-3.73618000
16.47110000,1.48059000,0.38056100,-0.93384200,1.48971000,0.32047900,-3.73618000
16.50110000,1.48381000,0.38130500,-0.93607000,1.48828000,0.32344600,-3.73856000
16.53110000,1.48381000,0.38130500,-0.93607000,1.48828000,0.32344600,-3.73856000
16.56110000,1.48202000,0.38051500,-0.93404900,1.48915000,0.32139900,-3.73645000
16.59110000,1.48202000,0.38051500,-0.93404900,1.48915000,0.32139900,-3.73645000
16.62110000,1.47998000,0.38145000,-0.93274800,1.48881000,0.31982900,-3.73583000
16.65110000,1.47998000,0.38145000,-0.93274800,1.48881000,0.31982900,-3.73583000
16.68110000,1.47874000,0.38029700,-0.93338400,1.48930000,0.31923600,-3.73577000
16.71110000,1.47874000,0.38029700,-0.93338400,1.48930000,0.31923600,-3.73577000
16.74110000,1.47681000,0.38232300,-0.93256500,1.48581000,0.31703400,-3.73327000
16.77110000,1.47681000,0.38232300,-0.93256500,1.48581000,0.31703400,-3.73327000
16.81240000,1.47797000,0.38163400,-0.93339300,1.48768000,0.31823200,-3.73535000
16.84240000,1.47877000,0.38000800,-0.93460800,1.48852000,0.31892500,-3.73581000
16.87770000,1.48016000,0.38088800,-0.93397200,1.48916000,0.32078700,-3.73655000
16.90770000,1.48122000,0.38032000,-0.93491500,1.48933000,0.32072800,-3.73697000
16.94130000,1.48122000,0.38032000,-0.93491500,1.48933000,0.32072800,-3.73697000
16.97130000,1.48090000,0.38125000,-0.93344700,1.48873000,0.32051700,-3.73623000
17.00730000,1.48090000,0.38125000,-0.93344700,1.48873000,0.32051700,-3.73623000
17.03730000,1.48162000,0.38092600,-0.93407300,1.48821000,0.32115200,-3.73598000
17.06730000,1.48078000,0.38129900,-0.93318300,1.48792000,0.32015300,-3.73535000
17.09730000,1.48078000,0.38129900,-0.93318300,1.48792000,0.32015300,-3.73535000
17.12730000,1.48109000,0.38244600,-0.93367500,1.48743000,0.32019600,-3.73598000
17.15730000,1.48109000,0.38244600,-0.93367500,1.48743000,0.32019600,-3.73598000
17.18730000,1.48109000,0.38244600,-0.93367500,1.48743000,0.32019600,-3.73598000
17.21730000,1.47863000,0.38085700,-0.93388900,1.48826000,0.31921000,-3.73568000
17.24730000,1.47899000,0.37980200,-0.93598600,1.48759000,0.31904500,-3.73603000
17.27730000,1.47899000,0.37980200,-0.93598600,1.48759000,0.31904500,-3.73603000
17.30730000,1.47824000,0.38125500,-0.93297500,1.48789000,0.31874200,-3.73491000
17.33730000,1.47824000,0.38125500,-0.93297500,1.48789000,0.31874200,-3.73491000
17.36730000,1.47990000,0.38154400,-0.93344200,1.48794000,0.32003800,-3.73576000
17.39730000,1.47990000,0.38154400,-0.93344200,1.48794000,0.32003800,-3.73576000
17.42730000,1.48024000,0.38233700,-0.93273300,1.48728000,0.32038300,-3.73579000
17.45730000,1.48024000,0.38233700,-0.93273300,1.48728000,0.32038300,-3.73579000
17.48730000,1.48114000,0.38239700,-0.93324700,1.48737000,0.32016000,-3.73581000
17.51740000,1.48114000,0.38239700,-0.93324700,1.48737000,0.32016000,-3.73581000
17.54800000,1.48114000,0.38239700,-0.93324700,1.48737000,0.32016000,-3.73581000
17.57800000,1.48027000,0.38200100,-0.93407700,1.48762000,0.31977300,-3.73591000
17.60800000,1.47948000,0.38123000,-0.93481800,1.48782000,0.31936900,-3.73615000
17.63800000,1.47948000,0.38123000,-0.93481800,1.48782000,0.31936900,-3.73615000
17.66800000,1.47885000,0.38211600,-0.93372500,1.48735000,0.31937600,-3.73577000
17.69800000,1.47885000,0.38211600,-0.93372500,1.48735000,0.31937600,-3.73577000
17.72800000,1.47989000,0.38217700,-0.93363800,1.48747000,0.31986100,-3.73572000
17.75800000,1.47998000,0.38246700,-0.93313400,1.48717000,0.32006600,-3.73572000
17.81480000,1.47998000,0.38246700,-0.93313400,1.48717000,0.32006600,-3.73572000
17.84480000,1.48110000,0.38321000,-0.93276800,1.48681000,0.32032200,-3.73575000
17.87820000,1.48110000,0.38321000,-0.93276800,1.48681000,0.32032200,-3.73575000
17.90820000,1.48070000,0.38194000,-0.93392700,1.48750000,0.31992200,-3.73586000
17.93820000,1.47869000,0.38003100,-0.93724300,1.48530000,0.31878700,-3.73524000
17.96820000,1.47869000,0.38003100,-0.93724300,1.48530000,0.31878700,-3.73524000
17.99820000,1.47630000,0.37733600,-0.94211700,1.48021000,0.31654400,-3.73221000
18.02820000,1.47630000,0.37733600,-0.94211700,1.48021000,0.31654400,-3.73221000
18.05820000,1.47461000,0.37619500,-0.94482400,1.47752000,0.31494400,-3.73099000
18.08820000,1.47461000,0.37619500,-0.94482400,1.47752000,0.31494400,-3.73099000
18.12160000,1.47461000,0.37619500,-0.94482400,1.47752000,0.31494400,-3.73099000
18.15160000,1.47868000,0.38113900,-0.93580700,1.48633000,0.31878100,-3.73592000
18.18160000,1.44716000,0.34232100,-1.00429000,1.41876000,0.28929600,-3.69639000
18.21160000,1.44716000,0.34232100,-1.00429000,1.41876000,0.28929600,-3.69639000
18.24160000,1.47331000,0.37183200,-0.95336200,1.47268000,0.31371500,-3.73024000
18.27160000,1.47331000,0.37183200,-0.95336200,1.47268000,0.31371500,-3.73024000
18.30160000,1.47836000,0.37833000,-0.94160300,1.48213000,0.31811100,-3.73452000
18.34590000,1.47836000,0.37833000,-0.94160300,1.48213000,0.31811100,-3.73452000
18.37590000,1.46720000,0.36453300,-0.96738400,1.45728000,0.30800800,-3.72128000
18.41300000,1.46720000,0.36453300,-0.96738400,1.45728000,0.30800800,-3.72128000
18.44300000,1.46469000,0.36229800,-0.97179400,1.45240000,0.30565500,-3.71844000
18.48290000,1.46469000,0.36229800,-0.97179400,1.45240000,0.30565500,-3.71844000
18.53010000,1.47031000,0.37176600,-0.95353700,1.46855000,0.31072900,-3.72654000
18.56010000,1.43596000,0.32436100,-1.03877000,1.38825000,0.27890700,-3.68180000
18.59360000,1.43596000,0.32436100,-1.03877000,1.38825000,0.27890700,-3.68180000
18.62360000,1.45586000,0.35331900,-0.98616000,1.43730000,0.29738700,-3.70825000
18.66390000,1.45586000,0.35331900,-0.98616000,1.43730000,0.29738700,-3.70825000
18.71590000,1.45586000,0.35331900,-0.98616000,1.43730000,0.29738700,-3.70825000
18.74590000,1.41591000,0.30765200,-1.07088000,1.34617000,0.26044600,-3.65402000
18.85850000,1.41591000,0.30765200,-1.07088000,1.34617000,0.26044600,-3.65402000
18.88850000,1.38840000,0.27853900,-1.12613000,1.27281000,0.23560200,-3.60535000
18.92420000,1.38840000,0.27853900,-1.12613000,1.27281000,0.23560200,-3.60535000
18.95420000,1.45384000,0.34535000,-1.00272000,1.42589000,0.29551300,-3.70532000
18.99030000,1.45384000,0.34535000,-1.00272000,1.42589000,0.29551300,-3.70532000
19.02030000,1.45384000,0.34535000,-1.00272000,1.42589000,0.29551300,-3.70532000
19.05030000,1.42311000,0.30405900,-1.07596000,1.35372000,0.26706500,-3.66347000
19.08030000,1.42311000,0.30405900,-1.07596000,1.35372000,0.26706500,-3.66347000
19.11030000,1.45028000,0.33979800,-1.01464000,1.41525000,0.29219200,-3.70086000
19.14030000,1.45028000,0.33979800,-1.01464000,1.41525000,0.29219200,-3.70086000
19.17030000,1.44780000,0.33894600,-1.01867000,1.40915000,0.28988300,-3.69781000
19.20030000,1.44780000,0.33894600,-1.01867000,1.40915000,0.28988300,-3.69781000
19.23030000,1.44780000,0.33894600,-1.01867000,1.40915000,0.28988300,-3.69781000
19.26030000,1.45278000,0.34976600,-1.00094000,1.42388000,0.29423100,-3.70577000
19.29030000,1.43922000,0.33451500,-1.02995000,1.39202000,0.28191400,-3.68706000
19.32030000,1.43922000,0.33451500,-1.02995000,1.39202000,0.28191400,-3.68706000
19.35030000,1.43290000,0.33020800,-1.03858000,1.37981000,0.27605500,-3.67883000
19.38030000,1.43290000,0.33020800,-1.03858000,1.37981000,0.27605500,-3.67883000
19.41490000,1.43290000,0.33020800,-1.03858000,1.37981000,0.27605500,-3.67883000
19.46090000,1.44135000,0.34253100,-1.01617000,1.40170000,0.28387300,-3.69107000
19.49090000,1.38908000,0.28174900,-1.12865000,1.26726000,0.23622300,-3.60557000
19.52090000,1.42495000,0.32255900,-1.05265000,1.36305000,0.26872000,-3.66806000
19.55090000,1.42495000,0.32255900,-1.05265000,1.36305000,0.26872000,-3.66806000
19.58090000,1.44168000,0.33963600,-1.02109000,1.39953000,0.28419100,-3.69095000
19.61090000,1.43215000,0.32813400,-1.04265000,1.37645000,0.27537100,-3.67744000
19.64500000,1.43215000,0.32813400,-1.04265000,1.37645000,0.27537100,-3.67744000
19.67500000,1.44348000,0.33911500,-1.02183000,1.40281000,0.28593300,-3.69455000
19.70500000,1.43433000,0.32588700,-1.04680000,1.37714000,0.27738900,-3.68014000
19.73500000,1.43433000,0.32588700,-1.04680000,1.37714000,0.27738900,-3.68014000
19.76500000,1.44466000,0.33674200,-1.02734000,1.39776000,0.28716000,-3.69230000
19.79510000,1.43491000,0.32526100,-1.04844000,1.37672000,0.27792900,-3.68077000
19.82730000,1.43491000,0.32526100,-1.04844000,1.37672000,0.27792900,-3.68077000
19.85730000,1.43245000,0.32325500,-1.05343000,1.37056000,0.27565900,-3.67746000
19.89270000,1.43245000,0.32325500,-1.05343000,1.37056000,0.27565900,-3.67746000
19.93450000,1.44012000,0.33322200,-1.03511000,1.38774000,0.28272600,-3.68634000
19.96450000,1.40138000,0.29204000,-1.11476000,1.29369000,0.24726000,-3.62905000
19.99880000,1.40138000,0.29204000,-1.11476000,1.29369000,0.24726000,-3.62905000
20.02880000,1.42391000,0.31724600,-1.06593000,1.35272000,0.26779000,-3.66566000
20.06630000,1.42391000,0.31724600,-1.06593000,1.35272000,0.26779000,-3.66566000
20.09630000,1.42328000,0.31554600,-1.07036000,1.34920000,0.26720700,-3.66483000
20.12630000,1.42605000,0.31733300,-1.06714000,1.35422000,0.26975300,-3.66857000
20.15630000,1.42605000,0.31733300,-1.06714000,1.35422000,0.26975300,-3.66857000
20.18630000,1.42593000,0.31598800,-1.06951000,1.35310000,0.26964800,-3.66846000
20.21630000,1.42593000,0.31598800,-1.06951000,1.35310000,0.26964800,-3.66846000
20.24630000,1.42544000,0.31520400,-1.06949000,1.35321000,0.26919700,-3.66774000
20.27630000,1.42544000,0.31520400,-1.06949000,1.35321000,0.26919700,-3.66774000
20.30630000,1.43368000,0.32443100,-1.05007000,1.37526000,0.27678500,-3.68003000
20.33630000,1.42464000,0.31399100,-1.07010000,1.35269000,0.26846000,-3.66658000
20.36790000,1.42464000,0.31399100,-1.07010000,1.35269000,0.26846000,-3.66658000
20.39790000,1.42191000,0.31164600,-1.07229000,1.34912000,0.26595200,-3.66270000
20.43290000,1.42191000,0.31164600,-1.07229000,1.34912000,0.26595200,-3.66270000
20.47450000,1.42191000,0.31164600,-1.07229000,1.34912000,0.26595200,-3.66270000
20.50450000,1.38753000,0.26926600,-1.14957000,1.25549000,0.23483600,-3.60217000
20.53910000,1.38753000,0.26926600,-1.14957000,1.25549000,0.23483600,-3.60217000
20.56910000,1.41841000,0.30604400,-1.08239000,1.33949000,0.26274100,-3.65738000
20.60590000,1.41841000,0.30604400,-1.08239000,1.33949000,0.26274100,-3.65738000
20.63590000,1.41769000,0.30532600,-1.08683000,1.33459000,0.26209200,-3.65618000
20.67310000,1.41769000,0.30532600,-1.08683000,1.33459000,0.26209200,-3.65618000
20.71560000,1.41769000,0.30532600,-1.08683000,1.33459000,0.26209200,-3.65618000
20.74560000,1.38206000,0.26766700,-1.16526000,1.23100000,0.22997300,-3.59147000
20.78040000,1.38206000,0.26766700,-1.16526000,1.23100000,0.22997300,-3.59147000
20.81040000,1.40954000,0.29841200,-1.10052000,1.31555000,0.25465700,-3.64346000
20.84610000,1.40954000,0.29841200,-1.10052000,1.31555000,0.25465700,-3.64346000
20.87610000,1.40493000,0.29268400,-1.11021000,1.30457000,0.25046700,-3.63620000
20.91210000,1.40493000,0.29268400,-1.11021000,1.30457000,0.25046700,-3.63620000
20.94210000,1.40493000,0.29268400,-1.11021000,1.30457000,0.25046700,-3.63620000
20.97210000,1.36337000,0.24400800,-1.20770000,1.17460000,0.21352700,-3.55285000
21.00210000,1.36337000,0.24400800,-1.20770000,1.17460000,0.21352700,-3.55285000
21.03210000,1.40031000,0.28605600,-1.12000000,1.29400000,0.24628200,-3.62854000
21.06210000,1.40031000,0.28605600,-1.12000000,1.29400000,0.24628200,-3.62854000
21.09210000,1.40058000,0.28592900,-1.12074000,1.29369000,0.24652700,-3.62886000
21.12210000,1.40058000,0.28592900,-1.12074000,1.29369000,0.24652700,-3.62886000
21.15210000,1.39855000,0.28286700,-1.12784000,1.28352000,0.24472700,-3.62264000
21.18210000,1.39855000,0.28286700,-1.12784000,1.28352000,0.24472700,-3.62264000
21.21210000,1.40855000,0.29489400,-1.10528000,1.31140000,0.25376900,-3.64052000
21.24210000,1.40855000,0.29489400,-1.10528000,1.31140000,0.25376900,-3.64052000
21.27210000,1.39241000,0.27642800,-1.14094000,1.26608000,0.23920400,-3.61154000
21.30210000,1.39241000,0.27642800,-1.14094000,1.26608000,0.23920400,-3.61154000
21.33210000,1.39053000,0.27520600,-1.14496000,1.25986000,0.23752300,-3.60802000
21.36210000,1.39053000,0.27520600,-1.14496000,1.25986000,0.23752300,-3.60802000
21.39210000,1.38765000,0.27298700,-1.15077000,1.25095000,0.23494700,-3.60255000
21.42210000,1.38765000,0.27298700,-1.15077000,1.25095000,0.23494700,-3.60255000
21.45210000,1.38641000,0.27191600,-1.15314000,1.24728000,0.23383900,-3.60011000
21.48210000,1.38641000,0.27191600,-1.15314000,1.24728000,0.23383900,-3.60011000
21.51220000,1.38641000,0.27191600,-1.15314000,1.24728000,0.23383900,-3.60011000
21.54220000,1.40007000,0.28707600,-1.12143000,1.29052000,0.24608700,-3.62751000
21.57220000,1.33176000,0.21006300,-1.27975000,1.05188000,0.18672400,-3.46657000
21.60220000,1.33176000,0.21006300,-1.27975000,1.05188000,0.18672400,-3.46657000
21.63220000,1.38747000,0.27106700,-1.14873000,1.25681000,0.23476200,-3.60442000
21.66220000,1.38747000,0.27106700,-1.14873000,1.25681000,0.23476200,-3.60442000
21.69220000,1.38574000,0.26834700,-1.15235000,1.25254000,0.23322400,-3.60096000
21.72220000,1.38574000,0.26834700,-1.15235000,1.25254000,0.23322400,-3.60096000
21.75220000,1.38412000,0.26692800,-1.15634000,1.24676000,0.23177800,-3.59767000
21.78220000,1.38412000,0.26692800,-1.15634000,1.24676000,0.23177800,-3.59767000
21.82960000,1.38412000,0.26692800,-1.15634000,1.24676000,0.23177800,-3.59767000
21.85960000,1.36216000,0.24070000,-1.20649000,1.17709000,0.21246600,-3.55075000
21.89610000,1.36216000,0.24070000,-1.20649000,1.17709000,0.21246600,-3.55075000
21.92610000,1.37112000,0.25370800,-1.19022000,1.19768000,0.22031500,-3.56857000
21.96370000,1.37112000,0.25370800,-1.19022000,1.19768000,0.22031500,-3.56857000
22.00680000,1.37112000,0.25370800,-1.19022000,1.19768000,0.22031500,-3.56857000
22.03680000,1.32005000,0.18869900,-1.30381000,1.01225000,0.17718700,-3.42901000
22.07490000,1.32005000,0.18869900,-1.30381000,1.01225000,0.17718700,-3.42901000
22.10490000,1.36192000,0.24857700,-1.22151000,1.15226000,0.21227700,-3.54881000
22.14190000,1.36192000,0.24857700,-1.22151000,1.15226000,0.21227700,-3.54881000
22.17190000,1.36192000,0.24857700,-1.22151000,1.15226000,0.21227700,-3.54881000
22.20190000,1.31501000,0.19973900,-1.32984000,0.95971700,0.17315200,-3.41329000
22.23190000,1.31501000,0.19973900,-1.32984000,0.95971700,0.17315200,-3.41329000
22.26190000,1.36537000,0.24904700,-1.22707000,1.15321000,0.21528300,-3.55598000
22.29190000,1.36537000,0.24904700,-1.22707000,1.15321000,0.21528300,-3.55598000
22.32190000,1.36402000,0.24574400,-1.22880000,1.15173000,0.21410700,-3.55286000
22.35190000,1.36402000,0.24574400,-1.22880000,1.15173000,0.21410700,-3.55286000
22.38190000,1.36275000,0.24401200,-1.22643000,1.15281000,0.21300000,-3.54978000
22.41190000,1.36275000,0.24401200,-1.22643000,1.15281000,0.21300000,-3.54978000
22.44190000,1.36275000,0.24401200,-1.22643000,1.15281000,0.21300000,-3.54978000
22.47190000,1.37210000,0.25536500,-1.19941000,1.18969000,0.22117300,-3.57148000
22.50190000,1.35292000,0.23377400,-1.23645000,1.13062000,0.20452200,-3.52683000
22.53190000,1.35292000,0.23377400,-1.23645000,1.13062000,0.20452200,-3.52683000
22.56190000,1.35245000,0.23403900,-1.23129000,1.13367000,0.20412100,-3.52497000
22.59190000,1.35245000,0.23403900,-1.23129000,1.13367000,0.20412100,-3.52497000
22.62190000,1.34972000,0.23161500,-1.23478000,1.12582000,0.20179100,-3.51804000
22.65190000,1.34972000,0.23161500,-1.23478000,1.12582000,0.20179100,-3.51804000
22.68220000,1.34972000,0.23161500,-1.23478000,1.12582000,0.20179100,-3.51804000
22.71220000,1.36245000,0.24633400,-1.20674000,1.17159000,0.21274100,-3.55115000
22.74220000,1.30408000,0.17991800,-1.34192000,0.92785000,0.16462000,-3.37310000
22.77220000,1.30408000,0.17991800,-1.34192000,0.92785000,0.16462000,-3.37310000
22.80220000,1.34969000,0.23099500,-1.24169000,1.11890000,0.20177100,-3.51741000
22.83220000,1.34969000,0.23099500,-1.24169000,1.11890000,0.20177100,-3.51741000
22.86220000,1.34882000,0.22933400,-1.24478000,1.11521000,0.20102700,-3.51510000
22.89220000,1.34882000,0.22933400,-1.24478000,1.11521000,0.20102700,-3.51510000
22.92220000,1.34734000,0.22720700,-1.24844000,1.10984000,0.19976700,-3.51119000
22.95220000,1.34734000,0.22720700,-1.24844000,1.10984000,0.19976700,-3.51119000
22.98220000,1.35693000,0.23910600,-1.22372000,1.14790000,0.20785400,-3.53673000
23.01220000,1.35693000,0.23910600,-1.22372000,1.14790000,0.20785400,-3.53673000
23.04230000,1.34122000,0.22044700,-1.26000000,1.08923000,0.19459800,-3.49505000
23.07230000,1.34122000,0.22044700,-1.26000000,1.08923000,0.19459800,-3.49505000
23.10230000,1.34131000,0.22177700,-1.25605000,1.09157000,0.19467500,-3.49479000
23.13230000,1.34131000,0.22177700,-1.25605000,1.09157000,0.19467500,-3.49479000
23.16230000,1.33904000,0.22050300,-1.25715000,1.08545000,0.19277300,-3.48836000
23.19230000,1.33904000,0.22050300,-1.25715000,1.08545000,0.19277300,-3.48836000
23.22230000,1.35052000,0.23572300,-1.22777000,1.12526000,0.20248900,-3.51466000
23.25230000,1.33893000,0.22361700,-1.25065000,1.09204000,0.19266300,-3.49155000
23.28230000,1.33850000,0.22414700,-1.24872000,1.09159000,0.19230900,-3.48968000
23.31230000,1.33850000,0.22414700,-1.24872000,1.09159000,0.19230900,-3.48968000
23.34230000,1.33959000,0.22736100,-1.24191000,1.09645000,0.19323600,-3.49100000
23.37230000,1.33959000,0.22736100,-1.24191000,1.09645000,0.19323600,-3.49100000
23.40230000,1.33847000,0.22834000,-1.23741000,1.09881000,0.19229000,-3.48977000
23.43230000,1.33847000,0.22834000,-1.23741000,1.09881000,0.19229000,-3.48977000
23.46230000,1.33598000,0.22612300,-1.23802000,1.09432000,0.19021200,-3.48355000
23.49230000,1.33598000,0.22612300,-1.23802000,1.09432000,0.19021200,-3.48355000
23.52230000,1.33505000,0.22460100,-1.23861000,1.09256000,0.18943300,-3.48080000
23.55230000,1.33505000,0.22460100,-1.23861000,1.09256000,0.18943300,-3.48080000
23.58370000,1.33505000,0.22460100,-1.23861000,1.09256000,0.18943300,-3.48080000
23.62670000,1.33505000,0.22460100,-1.23861000,1.09256000,0.18943300,-3.48080000
23.65670000,1.28968000,0.16109200,-1.36463000,0.86704400,0.15382000,-3.31541000
23.69500000,1.28968000,0.16109200,-1.36463000,0.86704400,0.15382000,-3.31541000
23.72500000,1.32909000,0.21470000,-1.26175000,1.05766000,0.18452700,-3.45884000
23.76200000,1.32909000,0.21470000,-1.26175000,1.05766000,0.18452700,-3.45884000
23.79200000,1.32909000,0.21470000,-1.26175000,1.05766000,0.18452700,-3.45884000
23.83360000,1.32909000,0.21470000,-1.26175000,1.05766000,0.18452700,-3.45884000
23.86360000,1.24920000,0.10580900,-1.50805000,0.55820300,0.12735300,-3.09258000
23.89790000,1.24920000,0.10580900,-1.50805000,0.55820300,0.12735300,-3.09258000
23.92790000,1.32566000,0.20862100,-1.27370000,1.04251000,0.18171400,-3.44939000
23.96400000,1.32566000,0.20862100,-1.27370000,1.04251000,0.18171400,-3.44939000
23.99400000,1.32519000,0.20814900,-1.27347000,1.04163000,0.18133500,-3.44777000
24.02900000,1.32519000,0.20814900,-1.27347000,1.04163000,0.18133500,-3.44777000
24.05900000,1.33430000,0.22150900,-1.24681000,1.08532000,0.18881400,-3.47863000
24.08900000,1.32143000,0.20390600,-1.28290000,1.02513000,0.17828500,-3.43626000
24.11900000,1.32143000,0.20390600,-1.28290000,1.02513000,0.17828500,-3.43626000
24.14900000,1.32171000,0.20424500,-1.28268000,1.02515000,0.17851800,-3.43642000
24.17900000,1.32171000,0.20424500,-1.28268000,1.02515000,0.17851800,-3.43642000
24.20900000,1.32098000,0.20241100,-1.28665000,1.02022000,0.17792600,-3.43358000
24.23900000,1.32098000,0.20241100,-1.28665000,1.02022000,0.17792600,-3.43358000
24.26900000,1.33050000,0.21557200,-1.26223000,1.05983000,0.18602800,-3.46296000
24.29900000,1.32097000,0.20240400,-1.28822000,1.01798000,0.17792400,-3.43291000
24.33080000,1.32097000,0.20240400,-1.28822000,1.01798000,0.17792400,-3.43291000
24.36080000,1.32097000,0.20240400,-1.28822000,1.01798000,0.17792400,-3.43291000
24.39090000,1.27915000,0.13834200,-1.42021000,0.78268700,0.14632800,-3.26334000
24.42090000,1.27915000,0.13834200,-1.42021000,0.78268700,0.14632800,-3.26334000
24.45090000,1.31730000,0.20112900,-1.29212000,1.00281000,0.17498400,-3.42017000
24.48090000,1.31730000,0.20112900,-1.29212000,1.00281000,0.17498400,-3.42017000
24.51090000,1.31650000,0.20272900,-1.28698000,1.00768000,0.17432200,-3.42144000
24.54090000,1.31650000,0.20272900,-1.28698000,1.00768000,0.17432200,-3.42144000
24.57090000,1.32679000,0.21588400,-1.25920000,1.04719000,0.18264500,-3.44691000
24.60090000,1.31592000,0.20249000,-1.28531000,1.00697000,0.17386800,-3.41879000
24.63280000,1.31592000,0.20249000,-1.28531000,1.00697000,0.17386800,-3.41879000
24.66280000,1.31592000,0.20249000,-1.28531000,1.00697000,0.17386800,-3.41879000
24.69280000,1.27909000,0.15141600,-1.40433000,0.78425800,0.14628800,-3.26211000
24.73450000,1.27909000,0.15141600,-1.40433000,0.78425800,0.14628800,-3.26211000
24.76450000,1.31448000,0.19860300,-1.28041000,1.00925000,0.17273200,-3.41221000
24.83490000,1.31448000,0.19860300,-1.28041000,1.00925000,0.17273200,-3.41221000
24.86490000,1.28521000,0.15627100,-1.36494000,0.84797500,0.15060200,-3.29160000
24.90000000,1.28521000,0.15627100,-1.36494000,0.84797500,0.15060200,-3.29160000
24.93000000,1.31960000,0.20235000,-1.27893000,1.01618000,0.17700500,-3.42188000
24.96000000,1.30727000,0.18567600,-1.31679000,0.95992700,0.16707500,-3.38597000
24.99000000,1.30727000,0.18567600,-1.31679000,0.95992700,0.16707500,-3.38597000
25.02000000,1.30558000,0.18420700,-1.32730000,0.94585000,0.16576300,-3.38083000
25.05000000,1.30558000,0.18420700,-1.32730000,0.94585000,0.16576300,-3.38083000
25.08000000,1.30335000,0.17993600,-1.34232000,0.92328600,0.16406300,-3.36892000
25.11000000,1.30335000,0.17993600,-1.34232000,0.92328600,0.16406300,-3.36892000
25.14000000,1.31219000,0.19084900,-1.32121000,0.96609800,0.17093000,-3.40200000
25.17000000,1.31219000,0.19084900,-1.32121000,0.96609800,0.17093000,-3.40200000
25.20000000,1.30025000,0.17279000,-1.35900000,0.90243600,0.16169500,-3.35743000
25.23000000,1.30025000,0.17279000,-1.35900000,0.90243600,0.16169500,-3.35743000
25.26000000,1.30112000,0.17193200,-1.35867000,0.90626200,0.16235500,-3.36012000
25.29000000,1.30112000,0.17193200,-1.35867000,0.90626200,0.16235500,-3.36012000
25.32000000,1.30062000,0.17180000,-1.35788000,0.90483100,0.16197600,-3.35775000
25.35000000,1.30062000,0.17180000,-1.35788000,0.90483100,0.16197600,-3.35775000
25.38000000,1.29918000,0.17052300,-1.35874000,0.89946700,0.16089000,-3.35189000
25.41000000,1.29918000,0.17052300,-1.35874000,0.89946700,0.16089000,-3.35189000
25.44000000,1.29918000,0.17052300,-1.35874000,0.89946700,0.16089000,-3.35189000
25.47000000,1.30850000,0.18757200,-1.32367000,0.95735100,0.16803900,-3.39222000
25.50000000,1.29928000,0.17519400,-1.34819000,0.90804100,0.16095600,-3.35458000
25.53000000,1.29928000,0.17519400,-1.34819000,0.90804100,0.16095600,-3.35458000
25.56000000,1.29757000,0.17433500,-1.34830000,0.90181700,0.15966500,-3.34752000
25.59000000,1.29757000,0.17433500,-1.34830000,0.90181700,0.15966500,-3.34752000
25.62010000,1.29541000,0.17242300,-1.34936000,0.89387700,0.15804600,-3.33861000
25.65010000,1.29541000,0.17242300,-1.34936000,0.89387700,0.15804600,-3.33861000
25.68010000,1.29491000,0.17091500,-1.35221000,0.88996300,0.15767800,-3.33602000
25.71010000,1.29491000,0.17091500,-1.35221000,0.88996300,0.15767800,-3.33602000
25.74010000,1.29491000,0.17091500,-1.35221000,0.88996300,0.15767800,-3.33602000
25.77010000,1.29275000,0.16690300,-1.36178000,0.87658500,0.15607000,-3.32808000
26.04440000,1.29275000,0.16690300,-1.36178000,0.87658500,0.15607000,-3.32808000
26.08730000,1.29275000,0.16690300,-1.36178000,0.87658500,0.15607000,-3.32808000
26.11730000,0.59140300,0.19912600,-1.38000000,1.75089000,-0.59397700,-4.21504000
26.15120000,0.59140300,0.19912600,-1.38000000,1.75089000,-0.59397700,-4.21504000
26.18120000,1.28555000,0.15470400,-1.40334000,0.81339800,0.15084400,-3.29388000
26.21600000,1.28555000,0.15470400,-1.40334000,0.81339800,0.15084400,-3.29388000
26.24600000,1.28497000,0.15471800,-1.39924000,0.81436300,0.15043100,-3.29072000
26.28080000,1.28497000,0.15471800,-1.39924000,0.81436300,0.15043100,-3.29072000
26.31090000,1.29455000,0.16936600,-1.36336000,0.87886600,0.15741500,-3.33449000
26.34090000,1.28256000,0.15141700,-1.39900000,0.80700900,0.14871800,-3.27970000
26.37090000,1.28256000,0.15141700,-1.39900000,0.80700900,0.14871800,-3.27970000
26.40090000,1.28265000,0.15164600,-1.39621000,0.80948700,0.14878400,-3.27963000
26.43090000,1.28265000,0.15164600,-1.39621000,0.80948700,0.14878400,-3.27963000
26.46090000,1.28034000,0.14928300,-1.40235000,0.79594800,0.14715000,-3.26974000
26.49090000,1.28034000,0.14928300,-1.40235000,0.79594800,0.14715000,-3.26974000
26.52090000,1.28982000,0.16509300,-1.37067000,0.85827300,0.15391800,-3.31669000
26.55090000,1.27899000,0.14816800,-1.40731000,0.78654500,0.14621100,-3.26410000
26.58090000,1.27817000,0.14662300,-1.41213000,0.77604000,0.14565600,-3.25684000
26.61090000,1.27817000,0.14662300,-1.41213000,0.77604000,0.14565600,-3.25684000
26.64090000,1.27798000,0.14675400,-1.41281000,0.77753500,0.14550800,-3.25913000
26.67090000,1.27798000,0.14675400,-1.41281000,0.77753500,0.14550800,-3.25913000
26.70090000,1.27697000,0.14500100,-1.41604000,0.77093100,0.14481100,-3.25395000
26.73090000,1.27697000,0.14500100,-1.41604000,0.77093100,0.14481100,-3.25395000
26.76090000,1.27610000,0.14352600,-1.41954000,0.76423200,0.14422000,-3.24923000
26.79090000,1.27610000,0.14352600,-1.41954000,0.76423200,0.14422000,-3.24923000
26.83850000,1.27610000,0.14352600,-1.41954000,0.76423200,0.14422000,-3.24923000
26.86850000,1.25979000,0.11960000,-1.47773000,0.63966400,0.13360700,-3.15808000
26.90600000,1.25979000,0.11960000,-1.47773000,0.63966400,0.13360700,-3.15808000
26.93600000,1.27420000,0.14202400,-1.42342000,0.75064200,0.14293300,-3.23792000
26.97290000,1.27420000,0.14202400,-1.42342000,0.75064200,0.14293300,-3.23792000
27.01440000,1.27420000,0.14202400,-1.42342000,0.75064200,0.14293300,-3.23792000
27.04440000,1.24107000,0.09474310,-1.54008000,0.48499200,0.12294500,-3.03991000
27.07910000,1.24107000,0.09474310,-1.54008000,0.48499200,0.12294500,-3.03991000
27.10910000,1.27131000,0.13796600,-1.43334000,0.72918200,0.14099800,-3.22218000
27.14380000,1.27131000,0.13796600,-1.43334000,0.72918200,0.14099800,-3.22218000
27.17380000,1.26975000,0.13552400,-1.43957000,0.71712600,0.13996400,-3.21382000
27.20880000,1.26975000,0.13552400,-1.43957000,0.71712600,0.13996400,-3.21382000
27.23880000,1.26803000,0.13278700,-1.44714000,0.70321400,0.13884000,-3.20466000
27.31550000,1.26803000,0.13278700,-1.44714000,0.70321400,0.13884000,-3.20466000
27.34550000,1.23461000,0.08305930,-1.56873000,0.41965400,0.11973100,-2.99119000
27.38120000,1.23461000,0.08305930,-1.56873000,0.41965400,0.11973100,-2.99119000
27.41120000,1.26560000,0.12997400,-1.46425000,0.67525500,0.13726200,-3.19087000
27.44600000,1.26560000,0.12997400,-1.46425000,0.67525500,0.13726200,-3.19087000
27.47600000,1.26476000,0.12924600,-1.47081000,0.66475000,0.13672800,-3.18615000
27.51220000,1.26476000,0.12924600,-1.47081000,0.66475000,0.13672800,-3.18615000
27.54220000,1.26476000,0.12924600,-1.47081000,0.66475000,0.13672800,-3.18615000
27.57220000,1.23302000,0.08992400,-1.59072000,0.37932600,0.11897800,-2.97964000
27.60220000,1.23302000,0.08992400,-1.59072000,0.37932600,0.11897800,-2.97964000
27.63220000,1.26153000,0.12445300,-1.47602000,0.64633700,0.13468300,-3.16799000
27.66220000,1.26153000,0.12445300,-1.47602000,0.64633700,0.13468300,-3.16799000
27.69220000,1.25927000,0.12020300,-1.48072000,0.63365100,0.13328300,-3.15563000
27.72220000,1.25927000,0.12020300,-1.48072000,0.63365100,0.13328300,-3.15563000
27.75220000,1.25874000,0.11828300,-1.48158000,0.63158500,0.13295600,-3.15247000
27.78220000,1.25874000,0.11828300,-1.48158000,0.63158500,0.13295600,-3.15247000
27.83990000,1.25874000,0.11828300,-1.48158000,0.63158500,0.13295600,-3.15247000
27.86990000,1.25874000,0.11828300,-1.48158000,0.63158500,0.13295600,-3.15247000
27.89990000,1.19506000,0.04567700,-1.73006000,-0.03204980,0.10659700,-2.66136000
27.92990000,1.19506000,0.04567700,-1.73006000,-0.03204980,0.10659700,-2.66136000
27.95990000,1.25571000,0.11373000,-1.49433000,0.60594400,0.13112700,-3.13487000
27.98990000,1.25571000,0.11373000,-1.49433000,0.60594400,0.13112700,-3.13487000
28.01990000,1.25399000,0.11137300,-1.50036000,0.59217500,0.13010100,-3.12468000
28.04990000,1.25399000,0.11137300,-1.50036000,0.59217500,0.13010100,-3.12468000
28.07990000,1.26284000,0.12456900,-1.46759000,0.66478600,0.13561300,-3.17747000
28.10990000,1.25446000,0.11166300,-1.49928000,0.59491500,0.13038700,-3.12666000
28.14170000,1.25446000,0.11166300,-1.49928000,0.59491500,0.13038700,-3.12666000
28.17170000,1.26147000,0.12255600,-1.47179000,0.65332700,0.13484700,-3.16951000
28.20170000,1.22679000,0.07158800,-1.60869000,0.33282900,0.11619200,-2.93245000
28.23170000,1.22679000,0.07158800,-1.60869000,0.33282900,0.11619200,-2.93245000
28.26170000,1.25023000,0.10653000,-1.50949000,0.56382800,0.12793000,-3.10042000
28.29170000,1.25023000,0.10653000,-1.50949000,0.56382800,0.12793000,-3.10042000
28.32170000,1.24972000,0.10601100,-1.51266000,0.55749200,0.12764000,-3.09671000
28.35170000,1.24972000,0.10601100,-1.51266000,0.55749200,0.12764000,-3.09671000
28.38180000,1.24956000,0.10581400,-1.51522000,0.55354500,0.12755200,-3.09512000
28.41180000,1.24956000,0.10581400,-1.51522000,0.55354500,0.12755200,-3.09512000
28.44180000,1.25009000,0.10660300,-1.51539000,0.55501600,0.12785300,-3.09758000
28.47180000,1.25009000,0.10660300,-1.51539000,0.55501600,0.12785300,-3.09758000
28.50280000,1.25009000,0.10660300,-1.51539000,0.55501600,0.12785300,-3.09758000
28.53280000,1.25009000,0.10660300,-1.51539000,0.55501600,0.12785300,-3.09758000
28.56280000,1.21542000,0.06164270,-1.65052000,0.20934300,0.11182000,-2.84025000
28.59280000,1.21542000,0.06164270,-1.65052000,0.20934300,0.11182000,-2.84025000
28.62280000,1.24622000,0.10390500,-1.52831000,0.52068700,0.12569500,-3.07326000
28.65280000,1.24622000,0.10390500,-1.52831000,0.52068700,0.12569500,-3.07326000
28.68280000,1.24555000,0.10195500,-1.53147000,0.51483400,0.12532500,-3.06859000
28.72430000,1.24555000,0.10195500,-1.53147000,0.51483400,0.12532500,-3.06859000
28.75430000,1.24870000,0.10602900,-1.51985000,0.54308300,0.12707000,-3.08946000
28.78990000,1.24870000,0.10602900,-1.51985000,0.54308300,0.12707000,-3.08946000
28.81990000,1.24132000,0.09458970,-1.54964000,0.47406200,0.12307900,-3.03840000
28.85650000,1.24132000,0.09458970,-1.54964000,0.47406200,0.12307900,-3.03840000
28.88650000,1.24068000,0.09404610,-1.55043000,0.47285300,0.12273700,-3.03740000
28.92090000,1.24068000,0.09404610,-1.55043000,0.47285300,0.12273700,-3.03740000
28.95090000,1.24834000,0.10575100,-1.52094000,0.54362200,0.12744300,-3.09084000
28.98090000,1.23870000,0.09186470,-1.55931000,0.44907000,0.12173800,-3.02022000
29.01090000,1.23870000,0.09186470,-1.55931000,0.44907000,0.12173800,-3.02022000
29.04090000,1.23879000,0.09269290,-1.55618000,0.45518000,0.12177500,-3.02402000
29.07100000,1.23879000,0.09269290,-1.55618000,0.45518000,0.12177500,-3.02402000
29.10100000,1.23902000,0.09361680,-1.55394000,0.45717500,0.12189300,-3.02471000
29.13100000,1.23902000,0.09361680,-1.55394000,0.45717500,0.12189300,-3.02471000
29.16100000,1.24679000,0.10393200,-1.52590000,0.51699000,0.12601200,-3.06724000
29.19100000,1.24679000,0.10393200,-1.52590000,0.51699000,0.12601200,-3.06724000
29.22100000,1.23659000,0.09061170,-1.55896000,0.43859300,0.12068300,-3.00802000
29.25100000,1.23659000,0.09061170,-1.55896000,0.43859300,0.12068300,-3.00802000
29.28100000,1.23709000,0.09132750,-1.55428000,0.44470200,0.12093500,-3.01020000
29.31100000,1.23709000,0.09132750,-1.55428000,0.44470200,0.12093500,-3.01020000
29.34100000,1.23662000,0.09084760,-1.55541000,0.44017100,0.12070400,-3.00629000
29.37100000,1.23662000,0.09084760,-1.55541000,0.44017100,0.12070400,-3.00629000
29.40100000,1.23628000,0.09025300,-1.56014000,0.43332200,0.12053900,-3.00355000
29.43100000,1.23628000,0.09025300,-1.56014000,0.43332200,0.12053900,-3.00355000
29.46100000,1.24314000,0.09957820,-1.53956000,0.48404600,0.12402900,-3.04341000
29.49100000,1.24314000,0.09957820,-1.53956000,0.48404600,0.12402900,-3.04341000
29.52100000,1.23452000,0.08752730,-1.57442000,0.40971200,0.11968300,-2.99141000
29.55100000,1.23452000,0.08752730,-1.57442000,0.40971200,0.11968300,-2.99141000
29.58100000,1.23406000,0.08756530,-1.57821000,0.40246500,0.11946700,-2.98796000
29.61100000,1.23406000,0.08756530,-1.57821000,0.40246500,0.11946700,-2.98796000
29.64100000,1.23267000,0.08635980,-1.58184000,0.39042900,0.11881000,-2.97828000
29.67100000,1.23267000,0.08635980,-1.58184000,0.39042900,0.11881000,-2.97828000
29.70100000,1.23114000,0.08418460,-1.58400000,0.37987300,0.11810100,-2.96763000
29.73100000,1.23114000,0.08418460,-1.58400000,0.37987300,0.11810100,-2.96763000
29.76100000,1.23812000,0.09278390,-1.55600000,0.44298600,0.12199800,-3.01239000
29.79100000,1.23812000,0.09278390,-1.55600000,0.44298600,0.12199800,-3.01239000
29.84340000,1.23055000,0.08310190,-1.58301000,0.37724600,0.11783500,-2.96289000
29.87340000,1.20654000,0.05577490,-1.68831000,0.10123500,0.10910800,-2.76360000
29.90610000,1.20654000,0.05577490,-1.68831000,0.10123500,0.10910800,-2.76360000
29.93610000,1.22901000,0.08087380,-1.58032000,0.37118800,0.11714800,-2.95184000
29.97090000,1.22901000,0.08087380,-1.58032000,0.37118800,0.11714800,-2.95184000
30.00090000,1.23604000,0.09055170,-1.55103000,0.43583600,0.12061100,-2.99747000
30.03100000,1.22848000,0.08060720,-1.57808000,0.36923500,0.11691500,-2.94735000
30.06100000,1.22848000,0.08060720,-1.57808000,0.36923500,0.11691500,-2.94735000
30.09100000,1.22901000,0.08089340,-1.57702000,0.37303700,0.11714800,-2.95041000
30.12100000,1.22901000,0.08089340,-1.57702000,0.37303700,0.11714800,-2.95041000
30.15100000,1.22894000,0.08120440,-1.57788000,0.37090300,0.11712100,-2.94944000
30.18100000,1.22894000,0.08120440,-1.57788000,0.37090300,0.11712100,-2.94944000
30.21100000,1.22787000,0.08044890,-1.58277000,0.35915800,0.11665100,-2.94178000
30.24100000,1.22787000,0.08044890,-1.58277000,0.35915800,0.11665100,-2.94178000
30.27100000,1.22787000,0.08044890,-1.58277000,0.35915800,0.11665100,-2.94178000
30.30100000,1.22787000,0.08044890,-1.58277000,0.35915800,0.11665100,-2.94178000
30.33100000,1.23078000,0.07835170,-1.57941000,0.39100100,0.11793800,-2.96830000
30.36100000,1.23078000,0.07835170,-1.57941000,0.39100100,0.11793800,-2.96830000
30.39100000,1.24237000,0.09433850,-1.53743000,0.49074300,0.12363000,-3.04268000
30.42100000,1.24237000,0.09433850,-1.53743000,0.49074300,0.12363000,-3.04268000
30.45100000,1.24288000,0.09655940,-1.53526000,0.49228100,0.12389100,-3.04430000
30.48100000,1.24288000,0.09655940,-1.53526000,0.49228100,0.12389100,-3.04430000
30.51100000,1.23444000,0.08827220,-1.56332000,0.41302900,0.11964500,-2.98438000
30.54100000,1.23444000,0.08827220,-1.56332000,0.41302900,0.11964500,-2.98438000
30.57100000,1.24264000,0.09656930,-1.53434000,0.48940900,0.12376300,-3.04052000
30.60100000,1.24264000,0.09656930,-1.53434000,0.48940900,0.12376300,-3.04052000
30.63100000,1.24121000,0.09544640,-1.53749000,0.47906100,0.12301500,-3.03211000
30.66100000,1.24121000,0.09544640,-1.53749000,0.47906100,0.12301500,-3.03211000
30.69100000,1.24264000,0.09753550,-1.52826000,0.49860500,0.12376700,-3.04459000
30.72100000,1.24264000,0.09753550,-1.52826000,0.49860500,0.12376700,-3.04459000
30.75100000,1.24207000,0.09828890,-1.52506000,0.49732000,0.12346900,-3.04083000
30.78100000,1.24207000,0.09828890,-1.52506000,0.49732000,0.12346900,-3.04083000
30.88660000,1.24207000,0.09828890,-1.52506000,0.49732000,0.12346900,-3.04083000
30.91660000,1.30291000,0.17096000,-1.34820000,0.92210600,0.16372500,-3.36463000
30.95010000,1.30291000,0.17096000,-1.34820000,0.92210600,0.16372500,-3.36463000
30.98010000,1.24560000,0.10291300,-1.50822000,0.53191900,0.12535500,-3.06340000
31.01680000,1.24560000,0.10291300,-1.50822000,0.53191900,0.12535500,-3.06340000
31.04680000,1.24475000,0.10244900,-1.50938000,0.52733800,0.12489700,-3.05946000
31.08180000,1.24475000,0.10244900,-1.50938000,0.52733800,0.12489700,-3.05946000
31.11180000,1.23797000,0.09450490,-1.53615000,0.45655400,0.12135900,-3.00716000
31.14180000,1.27108000,0.13600700,-1.42038000,0.73934900,0.14084500,-3.21743000
31.17180000,1.27108000,0.13600700,-1.42038000,0.73934900,0.14084500,-3.21743000
31.20180000,1.24675000,0.10430900,-1.50743000,0.53949100,0.12598300,-3.07163000
31.23180000,1.24675000,0.10430900,-1.50743000,0.53949100,0.12598300,-3.07163000
31.26180000,1.24763000,0.10533900,-1.50580000,0.54694500,0.12647400,-3.07853000
31.29180000,1.24763000,0.10533900,-1.50580000,0.54694500,0.12647400,-3.07853000
31.32180000,1.24789000,0.10417800,-1.50677000,0.54652600,0.12661100,-3.07795000
31.35180000,1.24789000,0.10417800,-1.50677000,0.54652600,0.12661100,-3.07795000
31.38180000,1.24156000,0.09612200,-1.53247000,0.48247300,0.12312400,-3.03110000
31.41180000,1.24938000,0.10549400,-1.50398000,0.55791800,0.12744400,-3.08794000
31.44300000,1.24938000,0.10549400,-1.50398000,0.55791800,0.12744400,-3.08794000
31.48430000,1.24938000,0.10549400,-1.50398000,0.55791800,0.12744400,-3.08794000
31.51430000,1.27570000,0.13923300,-1.41386000,0.76643900,0.14395800,-3.24146000
31.54880000,1.27570000,0.13923300,-1.41386000,0.76643900,0.14395800,-3.24146000
31.57880000,1.25211000,0.10684200,-1.50327000,0.57583400,0.12901100,-3.10663000
31.61620000,1.25211000,0.10684200,-1.50327000,0.57583400,0.12901100,-3.10663000
31.64620000,1.25139000,0.10416300,-1.51062000,0.56297900,0.12859100,-3.09842000
31.68080000,1.25139000,0.10416300,-1.51062000,0.56297900,0.12859100,-3.09842000
31.71080000,1.24379000,0.09579610,-1.53373000,0.51181100,0.12437500,-3.06157000
31.74080000,1.25177000,0.10355100,-1.51287000,0.56515500,0.12881000,-3.10225000
31.77080000,1.25177000,0.10355100,-1.51287000,0.56515500,0.12881000,-3.10225000
31.80080000,1.25301000,0.10535900,-1.51009000,0.57251700,0.12952800,-3.10871000
31.83080000,1.25301000,0.10535900,-1.51009000,0.57251700,0.12952800,-3.10871000
31.86080000,1.25416000,0.10845000,-1.50424000,0.58685700,0.13021300,-3.12034000
31.89080000,1.25416000,0.10845000,-1.50424000,0.58685700,0.13021300,-3.12034000
31.92080000,1.25504000,0.11056200,-1.50038000,0.59373000,0.13073500,-3.12551000
31.95080000,1.25504000,0.11056200,-1.50038000,0.59373000,0.13073500,-3.12551000
31.98200000,1.25504000,0.11056200,-1.50038000,0.59373000,0.13073500,-3.12551000
32.01200000,1.25504000,0.11056200,-1.50038000,0.59373000,0.13073500,-3.12551000
32.04200000,1.28102000,0.14360800,-1.41777000,0.78517000,0.14764000,-3.26875000
32.07200000,1.28102000,0.14360800,-1.41777000,0.78517000,0.14764000,-3.26875000
32.10200000,1.25691000,0.11221100,-1.49393000,0.60985400,0.13185300,-3.13693000
32.13200000,1.25691000,0.11221100,-1.49393000,0.60985400,0.13185300,-3.13693000
32.16200000,1.25801000,0.11351900,-1.49032000,0.61874200,0.13251700,-3.14358000
32.19200000,1.25801000,0.11351900,-1.49032000,0.61874200,0.13251700,-3.14358000
32.22200000,1.25838000,0.11427700,-1.48896000,0.62195400,0.13274100,-3.14621000
32.25200000,1.25838000,0.11427700,-1.48896000,0.62195400,0.13274100,-3.14621000
32.28200000,1.25296000,0.10769000,-1.50719000,0.57838200,0.12931900,-3.11343000
32.31200000,1.25296000,0.10769000,-1.50719000,0.57838200,0.12931900,-3.11343000
32.34200000,1.26236000,0.11914100,-1.47715000,0.65141200,0.13520400,-3.16893000
32.37200000,1.26236000,0.11914100,-1.47715000,0.65141200,0.13520400,-3.16893000
32.40200000,1.26319000,0.12001400,-1.47600000,0.65686000,0.13573200,-3.17414000
32.43200000,1.26319000,0.12001400,-1.47600000,0.65686000,0.13573200,-3.17414000
32.46200000,1.26360000,0.12009100,-1.47593000,0.65964300,0.13599100,-3.17696000
32.49200000,1.26360000,0.12009100,-1.47593000,0.65964300,0.13599100,-3.17696000
32.52200000,1.26392000,0.11946700,-1.47741000,0.65659400,0.13618700,-3.17479000
32.55200000,1.26392000,0.11946700,-1.47741000,0.65659400,0.13618700,-3.17479000
32.58200000,1.26392000,0.11946700,-1.47741000,0.65659400,0.13618700,-3.17479000
32.61200000,1.26392000,0.11946700,-1.47741000,0.65659400,0.13618700,-3.17479000
32.64200000,1.28883000,0.15128600,-1.39879000,0.83106800,0.15321400,-3.30377000
32.67200000,1.28883000,0.15128600,-1.39879000,0.83106800,0.15321400,-3.30377000
32.70200000,1.26466000,0.11921100,-1.47631000,0.66364500,0.13665700,-3.18052000
32.73200000,1.26466000,0.11921100,-1.47631000,0.66364500,0.13665700,-3.18052000
32.76200000,1.26564000,0.12049600,-1.47320000,0.67044200,0.13728600,-3.18554000
32.79200000,1.26564000,0.12049600,-1.47320000,0.67044200,0.13728600,-3.18554000
32.89660000,1.26564000,0.12049600,-1.47320000,0.67044200,0.13728600,-3.18554000
32.92660000,1.31846000,0.18490300,-1.32239000,0.99023700,0.17591000,-3.42171000
32.95970000,1.31846000,0.18490300,-1.32239000,0.99023700,0.17591000,-3.42171000
32.98970000,1.27055000,0.12778800,-1.45558000,0.71024200,0.14049500,-3.21527000
33.02390000,1.27055000,0.12778800,-1.45558000,0.71024200,0.14049500,-3.21527000
33.05390000,1.27191000,0.12977700,-1.45167000,0.71920300,0.14139700,-3.22238000
33.08930000,1.27191000,0.12977700,-1.45167000,0.71920300,0.14139700,-3.22238000
33.11930000,1.27221000,0.12997400,-1.45056000,0.72188400,0.14160300,-3.22416000
33.14940000,1.27231000,0.12897200,-1.45253000,0.71663200,0.14165600,-3.21989000
33.17940000,1.27231000,0.12897200,-1.45253000,0.71663200,0.14165600,-3.21989000
33.20940000,1.27269000,0.12987500,-1.45192000,0.71866700,0.14191600,-3.22225000
33.23940000,1.27269000,0.12987500,-1.45192000,0.71866700,0.14191600,-3.22225000
33.26940000,1.27354000,0.13175300,-1.44698000,0.73069800,0.14249600,-3.23124000
33.29940000,1.27354000,0.13175300,-1.44698000,0.73069800,0.14249600,-3.23124000
33.32940000,1.27482000,0.13380400,-1.44144000,0.74043000,0.14335800,-3.23756000
33.35940000,1.27482000,0.13380400,-1.44144000,0.74043000,0.14335800,-3.23756000
33.38940000,1.26846000,0.12572200,-1.46179000,0.69220400,0.13911700,-3.20126000
33.41940000,1.27504000,0.13444100,-1.43981000,0.74268200,0.14350700,-3.23883000
33.45160000,1.27504000,0.13444100,-1.43981000,0.74268200,0.14350700,-3.23883000
33.48160000,1.26907000,0.12645600,-1.45970000,0.69720300,0.13952100,-3.20495000
33.51160000,1.29722000,0.16304300,-1.37246000,0.88325600,0.15941700,-3.34182000
33.54160000,1.29722000,0.16304300,-1.37246000,0.88325600,0.15941700,-3.34182000
33.57160000,1.27708000,0.13592400,-1.43673000,0.75041800,0.14489400,-3.24508000
33.60160000,1.27708000,0.13592400,-1.43673000,0.75041800,0.14489400,-3.24508000
33.63160000,1.27803000,0.13668300,-1.43396000,0.75764300,0.14555200,-3.25035000
33.66160000,1.27803000,0.13668300,-1.43396000,0.75764300,0.14555200,-3.25035000
33.69160000,1.27792000,0.13614300,-1.43371000,0.75944200,0.14547700,-3.25134000
33.72160000,1.27155000,0.12901200,-1.44874000,0.72869300,0.14141500,-3.22832000
33.72160000,1.27792000,0.13614300,-1.43371000,0.75944200,0.14547700,-3.25134000
33.78160000,1.27155000,0.12901200,-1.44874000,0.72869300,0.14141500,-3.22832000
33.81160000,1.27916000,0.13750800,-1.42731000,0.77163200,0.14634000,-3.25857000
33.84160000,1.27916000,0.13750800,-1.42731000,0.77163200,0.14634000,-3.25857000
33.87160000,1.27936000,0.13742500,-1.42527000,0.77527000,0.14648000,-3.26009000
33.90160000,1.27936000,0.13742500,-1.42527000,0.77527000,0.14648000,-3.26009000
33.93160000,1.28045000,0.13830600,-1.42164000,0.78328400,0.14723700,-3.26541000
33.96160000,1.28045000,0.13830600,-1.42164000,0.78328400,0.14723700,-3.26541000
33.99160000,1.28079000,0.13829800,-1.42033000,0.78634100,0.14747400,-3.26716000
34.02160000,1.28079000,0.13829800,-1.42033000,0.78634100,0.14747400,-3.26716000
34.05210000,1.28079000,0.13829800,-1.42033000,0.78634100,0.14747400,-3.26716000
34.08210000,1.28079000,0.13829800,-1.42033000,0.78634100,0.14747400,-3.26716000
34.11210000,1.30366000,0.16714700,-1.35262000,0.92269600,0.16429200,-3.36587000
34.14210000,1.30366000,0.16714700,-1.35262000,0.92269600,0.16429200,-3.36587000
34.17210000,1.28169000,0.13906000,-1.42047000,0.78975000,0.14810900,-3.27153000
34.20220000,1.28169000,0.13906000,-1.42047000,0.78975000,0.14810900,-3.27153000
34.23220000,1.28234000,0.13996300,-1.41901000,0.79326400,0.14856700,-3.27452000
34.26220000,1.28234000,0.13996300,-1.41901000,0.79326400,0.14856700,-3.27452000
34.29220000,1.28341000,0.14149700,-1.41483000,0.80047400,0.14932300,-3.27914000
34.32220000,1.28341000,0.14149700,-1.41483000,0.80047400,0.14932300,-3.27914000
34.35220000,1.28489000,0.14355400,-1.40941000,0.81008300,0.15037300,-3.28547000
34.38220000,1.28489000,0.14355400,-1.40941000,0.81008300,0.15037300,-3.28547000
34.41270000,1.28489000,0.14355400,-1.40941000,0.81008300,0.15037300,-3.28547000
34.44270000,1.28489000,0.14355400,-1.40941000,0.81008300,0.15037300,-3.28547000
34.47270000,1.30839000,0.17247200,-1.35397000,0.93463100,0.16795600,-3.38473000
34.50270000,1.30839000,0.17247200,-1.35397000,0.93463100,0.16795600,-3.38473000
34.53270000,1.28907000,0.15160400,-1.38684000,0.84167800,0.15338000,-3.30277000
34.56270000,1.28907000,0.15160400,-1.38684000,0.84167800,0.15338000,-3.30277000
34.59270000,1.28867000,0.15146200,-1.38153000,0.84594400,0.15309400,-3.30156000
34.62270000,1.28867000,0.15146200,-1.38153000,0.84594400,0.15309400,-3.30156000
34.65270000,1.28956000,0.15211500,-1.37681000,0.85384400,0.15374000,-3.30544000
34.68270000,1.28956000,0.15211500,-1.37681000,0.85384400,0.15374000,-3.30544000
34.71300000,1.28956000,0.15211500,-1.37681000,0.85384400,0.15374000,-3.30544000
34.75550000,1.28956000,0.15211500,-1.37681000,0.85384400,0.15374000,-3.30544000
34.78550000,1.31202000,0.18187300,-1.30709000,0.98504700,0.17079200,-3.39786000
34.86270000,1.31202000,0.18187300,-1.30709000,0.98504700,0.17079200,-3.39786000
34.89270000,1.31202000,0.18187300,-1.30709000,0.98504700,0.17079200,-3.39786000
34.92270000,1.34603000,0.22584400,-1.22421000,1.13030000,0.19866400,-3.50600000
34.95270000,1.34603000,0.22584400,-1.22421000,1.13030000,0.19866400,-3.50600000
34.98270000,1.29396000,0.15668500,-1.37415000,0.87299400,0.15698100,-3.32673000
35.01270000,1.29396000,0.15668500,-1.37415000,0.87299400,0.15698100,-3.32673000
35.04270000,1.29454000,0.15733500,-1.36978000,0.87929600,0.15740800,-3.32934000
35.07270000,1.29454000,0.15733500,-1.36978000,0.87929600,0.15740800,-3.32934000
35.10270000,1.29536000,0.15853700,-1.36480000,0.88649800,0.15801900,-3.33280000
35.13270000,1.29536000,0.15853700,-1.36480000,0.88649800,0.15801900,-3.33280000
35.16270000,1.29065000,0.15272000,-1.37578000,0.85860400,0.15454400,-3.30984000
35.19270000,1.29065000,0.15272000,-1.37578000,0.85860400,0.15454400,-3.30984000
35.22270000,1.29864000,0.16394400,-1.35032000,0.90808600,0.16047900,-3.34550000
35.26440000,1.29864000,0.16394400,-1.35032000,0.90808600,0.16047900,-3.34550000
35.29440000,1.29920000,0.16621400,-1.34121000,0.91684000,0.16090200,-3.34744000
35.33110000,1.29920000,0.16621400,-1.34121000,0.91684000,0.16090200,-3.34744000
35.36110000,1.30107000,0.16880200,-1.33374000,0.92840000,0.16231600,-3.35422000
35.39640000,1.30107000,0.16880200,-1.33374000,0.92840000,0.16231600,-3.35422000
35.42640000,1.30116000,0.16911400,-1.32911000,0.93302700,0.16238900,-3.35454000
35.46090000,1.30116000,0.16911400,-1.32911000,0.93302700,0.16238900,-3.35454000
35.49090000,1.30116000,0.16911400,-1.32911000,0.93302700,0.16238900,-3.35454000
35.52090000,1.32351000,0.19817200,-1.26935000,1.04644000,0.17997900,-3.43842000
35.55090000,1.32351000,0.19817200,-1.26935000,1.04644000,0.17997900,-3.43842000
35.58090000,1.30080000,0.16878200,-1.32584000,0.93585400,0.16211300,-3.35374000
35.61090000,1.30080000,0.16878200,-1.32584000,0.93585400,0.16211300,-3.35374000
35.64090000,1.30209000,0.17076400,-1.32414000,0.94059200,0.16309500,-3.35883000
35.67090000,1.30209000,0.17076400,-1.32414000,0.94059200,0.16309500,-3.35883000
35.70090000,1.29674000,0.16379800,-1.33955000,0.90950800,0.15905400,-3.33591000
35.73090000,1.30279000,0.17213500,-1.32248000,0.94398800,0.16363100,-3.36196000
35.76220000,1.30279000,0.17213500,-1.32248000,0.94398800,0.16363100,-3.36196000
35.79220000,1.30279000,0.17213500,-1.32248000,0.94398800,0.16363100,-3.36196000
35.82220000,1.32171000,0.19863800,-1.27343000,1.03686000,0.17852200,-3.43329000
35.85220000,1.32171000,0.19863800,-1.27343000,1.03686000,0.17852200,-3.43329000
35.88220000,1.30592000,0.17546400,-1.31318000,0.96283500,0.16603900,-3.37501000
35.91220000,1.30592000,0.17546400,-1.31318000,0.96283500,0.16603900,-3.37501000
35.94220000,1.30589000,0.17484400,-1.30987000,0.96732500,0.16601600,-3.37556000
35.97220000,1.30589000,0.17484400,-1.30987000,0.96732500,0.16601600,-3.37556000
36.00220000,1.30536000,0.17331300,-1.30933000,0.96798700,0.16560700,-3.37412000
36.03220000,1.30536000,0.17331300,-1.30933000,0.96798700,0.16560700,-3.37412000
36.06220000,1.30607000,0.17210000,-1.30850000,0.97290400,0.16616000,-3.37703000
36.09220000,1.30607000,0.17210000,-1.30850000,0.97290400,0.16616000,-3.37703000
36.12400000,1.30607000,0.17210000,-1.30850000,0.97290400,0.16616000,-3.37703000
36.16760000,1.30607000,0.17210000,-1.30850000,0.97290400,0.16616000,-3.37703000
36.19760000,1.32879000,0.19901500,-1.25399000,1.07568000,0.18427900,-3.45344000
36.23110000,1.32879000,0.19901500,-1.25399000,1.07568000,0.18427900,-3.45344000
36.26110000,1.30875000,0.17153400,-1.31254000,0.97636300,0.16824100,-3.38412000
36.29620000,1.30875000,0.17153400,-1.31254000,0.97636300,0.16824100,-3.38412000
36.32620000,1.30915000,0.17334300,-1.31093000,0.97803400,0.16855400,-3.38601000
36.36100000,1.30915000,0.17334300,-1.31093000,0.97803400,0.16855400,-3.38601000
36.39100000,1.30378000,0.16795600,-1.31938000,0.96435200,0.16436900,-3.37506000
36.42100000,1.31023000,0.17475900,-1.30618000,0.98514000,0.16939700,-3.38985000
36.45100000,1.31023000,0.17475900,-1.30618000,0.98514000,0.16939700,-3.38985000
36.48100000,1.31117000,0.17779100,-1.30056000,0.99053500,0.17013000,-3.39270000
36.51100000,1.31117000,0.17779100,-1.30056000,0.99053500,0.17013000,-3.39270000
36.54100000,1.31288000,0.18080000,-1.29405000,1.00370000,0.17147700,-3.40244000
36.57100000,1.31288000,0.18080000,-1.29405000,1.00370000,0.17147700,-3.40244000
36.60100000,1.31438000,0.18285500,-1.28832000,1.01250000,0.17266700,-3.40765000
36.63100000,1.31438000,0.18285500,-1.28832000,1.01250000,0.17266700,-3.40765000
36.66300000,1.31438000,0.18285500,-1.28832000,1.01250000,0.17266700,-3.40765000
36.70570000,1.30919000,0.17691800,-1.30108000,0.98240700,0.16859400,-3.38412000
36.73570000,1.33318000,0.20869700,-1.23133000,1.10243000,0.18789500,-3.46743000
36.76880000,1.33318000,0.20869700,-1.23133000,1.10243000,0.18789500,-3.46743000
36.79880000,1.31581000,0.18607300,-1.28429000,1.01837000,0.17380000,-3.41278000
36.86560000,1.31581000,0.18607300,-1.28429000,1.01837000,0.17380000,-3.41278000
36.89560000,1.33154000,0.19880400,-1.25851000,1.08226000,0.18654800,-3.46445000
36.93130000,1.33154000,0.19880400,-1.25851000,1.08226000,0.18654800,-3.46445000
36.96130000,1.33154000,0.19880400,-1.25851000,1.08226000,0.18654800,-3.46445000
36.99130000,1.34173000,0.21467700,-1.24145000,1.11179000,0.19503100,-3.49334000
37.02130000,1.34173000,0.21467700,-1.24145000,1.11179000,0.19503100,-3.49334000
37.05130000,1.31860000,0.18943900,-1.27635000,1.02867000,0.17602000,-3.41866000
37.08130000,1.31860000,0.18943900,-1.27635000,1.02867000,0.17602000,-3.41866000
37.11130000,1.31570000,0.18605200,-1.27797000,1.02297000,0.17371200,-3.41104000
37.14130000,1.31570000,0.18605200,-1.27797000,1.02297000,0.17371200,-3.41104000
37.17130000,1.31642000,0.18428800,-1.27320000,1.03168000,0.17428300,-3.41325000
37.20130000,1.31642000,0.18428800,-1.27320000,1.03168000,0.17428300,-3.41325000
37.23130000,1.31669000,0.18553100,-1.27387000,1.02912000,0.17450000,-3.41263000
37.26130000,1.31669000,0.18553100,-1.27387000,1.02912000,0.17450000,-3.41263000
37.29130000,1.32445000,0.19502200,-1.25320000,1.06923000,0.18074500,-3.44195000
37.32130000,1.32445000,0.19502200,-1.25320000,1.06923000,0.18074500,-3.44195000
37.35130000,1.32708000,0.20085800,-1.25133000,1.07361000,0.18288800,-3.45044000
37.38130000,1.32708000,0.20085800,-1.25133000,1.07361000,0.18288800,-3.45044000
37.41130000,1.32535000,0.19912800,-1.25778000,1.06033000,0.18147000,-3.44180000
37.44130000,1.32535000,0.19912800,-1.25778000,1.06033000,0.18147000,-3.44180000
37.47130000,1.32523000,0.19750700,-1.26126000,1.05918000,0.18137700,-3.44251000
37.50130000,1.32523000,0.19750700,-1.26126000,1.05918000,0.18137700,-3.44251000
37.53280000,1.32523000,0.19750700,-1.26126000,1.05918000,0.18137700,-3.44251000
37.56280000,1.32523000,0.19750700,-1.26126000,1.05918000,0.18137700,-3.44251000
37.59280000,1.34965000,0.22660400,-1.21216000,1.15106000,0.20173800,-3.51566000
37.62280000,1.34965000,0.22660400,-1.21216000,1.15106000,0.20173800,-3.51566000
37.65280000,1.32767000,0.19721700,-1.26036000,1.06820000,0.18336700,-3.45046000
37.68280000,1.32767000,0.19721700,-1.26036000,1.06820000,0.18336700,-3.45046000
37.71280000,1.32734000,0.19835100,-1.25708000,1.06958000,0.18309600,-3.44967000
37.74280000,1.32734000,0.19835100,-1.25708000,1.06958000,0.18309600,-3.44967000
37.79010000,1.32734000,0.19835100,-1.25708000,1.06958000,0.18309600,-3.44967000
37.86840000,1.32734000,0.19835100,-1.25708000,1.06958000,0.18309600,-3.44967000
37.89840000,1.32630000,0.19919200,-1.24940000,1.07356000,0.18225400,-3.44676000
37.94070000,1.32630000,0.19919200,-1.24940000,1.07356000,0.18225400,-3.44676000
37.97070000,1.32980000,0.20295900,-1.24243000,1.08568000,0.18511400,-3.45587000
38.01030000,1.32980000,0.20295900,-1.24243000,1.08568000,0.18511400,-3.45587000
38.04030000,1.32669000,0.19879500,-1.25048000,1.07121000,0.18257400,-3.44513000
38.07030000,1.33099000,0.20405600,-1.24151000,1.08913000,0.18609200,-3.45956000
38.10040000,1.33099000,0.20405600,-1.24151000,1.08913000,0.18609200,-3.45956000
38.13040000,1.33225000,0.20500300,-1.24138000,1.09192000,0.18712700,-3.46324000
38.16040000,1.33225000,0.20500300,-1.24138000,1.09192000,0.18712700,-3.46324000
38.19040000,1.33286000,0.20522400,-1.24239000,1.09265000,0.18763400,-3.46523000
38.22040000,1.33286000,0.20522400,-1.24239000,1.09265000,0.18763400,-3.46523000
38.25040000,1.33287000,0.20608200,-1.24118000,1.09324000,0.18764500,-3.46546000
38.28040000,1.33287000,0.20608200,-1.24118000,1.09324000,0.18764500,-3.46546000
38.31040000,1.32823000,0.20000200,-1.25148000,1.07370000,0.18364300,-3.44990000
38.34040000,1.33264000,0.20560500,-1.24038000,1.09420000,0.18745200,-3.46514000
38.37320000,1.33264000,0.20560500,-1.24038000,1.09420000,0.18745200,-3.46514000
38.41620000,1.33264000,0.20560500,-1.24038000,1.09420000,0.18745200,-3.46514000
38.44620000,1.35075000,0.22771600,-1.20033000,1.16179000,0.20267200,-3.51574000
38.48130000,1.35075000,0.22771600,-1.20033000,1.16179000,0.20267200,-3.51574000
38.51130000,1.33659000,0.21013800,-1.23264000,1.10858000,0.19073100,-3.47651000
38.54600000,1.33659000,0.21013800,-1.23264000,1.10858000,0.19073100,-3.47651000
38.57600000,1.33642000,0.21002100,-1.23357000,1.10800000,0.19058900,-3.47674000
38.61070000,1.33642000,0.21002100,-1.23357000,1.10800000,0.19058900,-3.47674000
38.64070000,1.33162000,0.20436000,-1.24360000,1.09159000,0.18595200,-3.46390000
38.67070000,1.35081000,0.22724500,-1.20331000,1.16081000,0.20272800,-3.51727000
38.70070000,1.35081000,0.22724500,-1.20331000,1.16081000,0.20272800,-3.51727000
38.73070000,1.33815000,0.21196100,-1.22876000,1.11543000,0.19203600,-3.48139000
38.76070000,1.33815000,0.21196100,-1.22876000,1.11543000,0.19203600,-3.48139000
38.79070000,1.33955000,0.21431900,-1.22324000,1.12186000,0.19320200,-3.48474000
38.82070000,1.33955000,0.21431900,-1.22324000,1.12186000,0.19320200,-3.48474000
38.86980000,1.33955000,0.21431900,-1.22324000,1.12186000,0.19320200,-3.48474000
38.89980000,1.34724000,0.22468800,-1.20382000,1.15461000,0.19969000,-3.50883000
38.93300000,1.34724000,0.22468800,-1.20382000,1.15461000,0.19969000,-3.50883000
38.96300000,1.34064000,0.21671000,-1.21335000,1.13242000,0.19411800,-3.48786000
38.99790000,1.34064000,0.21671000,-1.21335000,1.13242000,0.19411800,-3.48786000
39.02790000,1.34136000,0.21696900,-1.21149000,1.13637000,0.19472600,-3.49025000
39.06300000,1.34136000,0.21696900,-1.21149000,1.13637000,0.19472600,-3.49025000
39.10450000,1.34136000,0.21696900,-1.21149000,1.13637000,0.19472600,-3.49025000
39.13450000,1.35696000,0.23676200,-1.17454000,1.19503000,0.20800300,-3.53257000
39.17010000,1.35696000,0.23676200,-1.17454000,1.19503000,0.20800300,-3.53257000
39.20010000,1.34343000,0.21812700,-1.21323000,1.14048000,0.19647100,-3.49736000
39.23460000,1.34343000,0.21812700,-1.21323000,1.14048000,0.19647100,-3.49736000
39.26460000,1.34456000,0.21951600,-1.21314000,1.14257000,0.19742300,-3.50079000
39.30000000,1.34456000,0.21951600,-1.21314000,1.14257000,0.19742300,-3.50079000
39.33000000,1.34619000,0.22174200,-1.21016000,1.14745000,0.19880200,-3.50501000
39.40550000,1.34619000,0.22174200,-1.21016000,1.14745000,0.19880200,-3.50501000
39.43550000,1.36116000,0.23889900,-1.18301000,1.19561000,0.21162700,-3.54397000
39.47200000,1.36116000,0.23889900,-1.18301000,1.19561000,0.21162700,-3.54397000
39.50200000,1.34641000,0.22352200,-1.19943000,1.15643000,0.19899200,-3.50507000
39.53670000,1.34641000,0.22352200,-1.19943000,1.15643000,0.19899200,-3.50507000
39.56680000,1.34717000,0.22475000,-1.19515000,1.16098000,0.19963300,-3.50660000
39.60190000,1.34717000,0.22475000,-1.19515000,1.16098000,0.19963300,-3.50660000
39.63190000,1.34717000,0.22475000,-1.19515000,1.16098000,0.19963300,-3.50660000
39.66190000,1.36160000,0.24269800,-1.15706000,1.21771000,0.21200700,-3.54396000
39.69190000,1.36160000,0.24269800,-1.15706000,1.21771000,0.21200700,-3.54396000
39.72190000,1.34959000,0.22692500,-1.19736000,1.16340000,0.20168800,-3.51353000
39.75190000,1.34959000,0.22692500,-1.19736000,1.16340000,0.20168800,-3.51353000
39.78190000,1.35147000,0.22861000,-1.19930000,1.16497000,0.20329600,-3.51883000
39.81190000,1.35147000,0.22861000,-1.19930000,1.16497000,0.20329600,-3.51883000
39.87360000,1.35147000,0.22861000,-1.19930000,1.16497000,0.20329600,-3.51883000
39.91600000,1.35147000,0.22861000,-1.19930000,1.16497000,0.20329600,-3.51883000
39.94600000,1.38677000,0.27202300,-1.13382000,1.26636000,0.23416100,-3.60001000
39.98090000,1.38677000,0.27202300,-1.13382000,1.26636000,0.23416100,-3.60001000
40.01090000,1.35315000,0.22904000,-1.19770000,1.16859000,0.20473200,-3.52137000
40.04710000,1.35315000,0.22904000,-1.19770000,1.16859000,0.20473200,-3.52137000
40.07710000,1.34920000,0.22623200,-1.19748000,1.17074000,0.20133700,-3.52022000
40.10710000,1.35353000,0.22981500,-1.18782000,1.17982000,0.20506100,-3.52351000
40.13710000,1.35353000,0.22981500,-1.18782000,1.17982000,0.20506100,-3.52351000
40.16710000,1.35413000,0.23068900,-1.18241000,1.18434000,0.20558200,-3.52354000
40.19710000,1.35413000,0.23068900,-1.18241000,1.18434000,0.20558200,-3.52354000
40.22710000,1.35468000,0.23301700,-1.17553000,1.19274000,0.20604400,-3.52739000
40.25720000,1.35468000,0.23301700,-1.17553000,1.19274000,0.20604400,-3.52739000
40.28720000,1.35560000,0.23503100,-1.17089000,1.19701000,0.20683600,-3.52909000
40.31720000,1.35560000,0.23503100,-1.17089000,1.19701000,0.20683600,-3.52909000
40.34780000,1.35560000,0.23503100,-1.17089000,1.19701000,0.20683600,-3.52909000
40.37780000,1.35234000,0.23124500,-1.17762000,1.18408000,0.20404300,-3.51895000
40.40780000,1.35706000,0.23720600,-1.16720000,1.20139000,0.20809000,-3.53205000
40.43780000,1.35706000,0.23720600,-1.16720000,1.20139000,0.20809000,-3.53205000
40.46780000,1.35705000,0.23743200,-1.16925000,1.19938000,0.20807900,-3.53230000
40.49780000,1.35705000,0.23743200,-1.16925000,1.19938000,0.20807900,-3.53230000
40.52780000,1.35749000,0.23803700,-1.17009000,1.19929000,0.20846600,-3.53368000
40.55780000,1.35749000,0.23803700,-1.17009000,1.19929000,0.20846600,-3.53368000
40.58780000,1.35749000,0.23803700,-1.17009000,1.19929000,0.20846600,-3.53368000
40.61780000,1.35408000,0.23291800,-1.18017000,1.18451000,0.20554300,-3.52370000
40.64780000,1.35910000,0.23928300,-1.16907000,1.20329000,0.20985100,-3.53799000
40.67780000,1.35910000,0.23928300,-1.16907000,1.20329000,0.20985100,-3.53799000
40.70780000,1.35909000,0.23896700,-1.16705000,1.20594000,0.20984000,-3.53830000
40.73780000,1.35909000,0.23896700,-1.16705000,1.20594000,0.20984000,-3.53830000
40.76780000,1.35936000,0.23926300,-1.16407000,1.20943000,0.21007300,-3.53912000
40.79780000,1.35936000,0.23926300,-1.16407000,1.20943000,0.21007300,-3.53912000
40.82780000,1.35968000,0.23966000,-1.16218000,1.21181000,0.21035800,-3.54002000
40.85780000,1.35968000,0.23966000,-1.16218000,1.21181000,0.21035800,-3.54002000
40.88920000,1.35968000,0.23966000,-1.16218000,1.21181000,0.21035800,-3.54002000
40.91920000,1.35702000,0.23628500,-1.16836000,1.20090000,0.20772200,-3.53185000
40.94920000,1.36187000,0.24222400,-1.15885000,1.21735000,0.21225300,-3.54492000
40.97920000,1.36187000,0.24222400,-1.15885000,1.21735000,0.21225300,-3.54492000
41.00920000,1.36188000,0.24232900,-1.15908000,1.21718000,0.21225900,-3.54508000
41.03920000,1.36188000,0.24232900,-1.15908000,1.21718000,0.21225900,-3.54508000
41.06920000,1.36183000,0.24256300,-1.15836000,1.21767000,0.21221700,-3.54509000
41.09920000,1.36183000,0.24256300,-1.15836000,1.21767000,0.21221700,-3.54509000
41.12920000,1.36244000,0.24305700,-1.15693000,1.22005000,0.21274800,-3.54656000
41.15920000,1.36244000,0.24305700,-1.15693000,1.22005000,0.21274800,-3.54656000
41.18920000,1.36244000,0.24305700,-1.15693000,1.22005000,0.21274800,-3.54656000
41.21920000,1.35978000,0.23964000,-1.16300000,1.20960000,0.21010700,-3.53891000
41.24920000,1.36446000,0.24518000,-1.15411000,1.22537000,0.21450300,-3.55129000
41.27920000,1.36446000,0.24518000,-1.15411000,1.22537000,0.21450300,-3.55129000
41.30920000,1.36482000,0.24467100,-1.15522000,1.22264000,0.21482400,-3.54921000
41.33920000,1.36482000,0.24467100,-1.15522000,1.22264000,0.21482400,-3.54921000
41.36920000,1.36516000,0.24540000,-1.15329000,1.22490000,0.21512000,-3.55028000
41.39920000,1.36516000,0.24540000,-1.15329000,1.22490000,0.21512000,-3.55028000
41.42920000,1.36625000,0.24721700,-1.14945000,1.23220000,0.21605700,-3.55559000
41.45920000,1.36625000,0.24721700,-1.14945000,1.23220000,0.21605700,-3.55559000
41.48920000,1.36347000,0.24370700,-1.15589000,1.22161000,0.21333700,-3.54812000
41.51920000,1.36734000,0.24837600,-1.14812000,1.23474000,0.21701400,-3.55801000
41.55210000,1.36734000,0.24837600,-1.14812000,1.23474000,0.21701400,-3.55801000
41.58210000,1.36419000,0.24425000,-1.15538000,1.22280000,0.21386000,-3.54899000
41.61210000,1.37990000,0.26330600,-1.12437000,1.27093000,0.22805400,-3.58605000
41.64210000,1.37990000,0.26330600,-1.12437000,1.27093000,0.22805400,-3.58605000
41.67210000,1.36851000,0.24995500,-1.14545000,1.23826000,0.21803100,-3.56052000
41.70210000,1.36851000,0.24995500,-1.14545000,1.23826000,0.21803100,-3.56052000
41.73220000,1.36866000,0.25019800,-1.14413000,1.23959000,0.21816700,-3.56077000
