time(s),joint1(rad),joint2(rad),joint3(rad),joint4(rad),joint5(rad),joint6(rad)
3.44617000,0.88730000,0.38490000,-1.22100000,-1.62400000,0.63120000,-0.70550000
3.51400000,0.88730000,0.38490000,-1.22100000,-1.62400000,0.63120000,-0.70550000
3.51400000,0.88730000,0.38490000,-1.22100000,-1.62400000,0.63120000,-0.70550000
3.57400000,0.88730000,0.38490000,-1.22100000,-1.62400000,0.63120000,-0.70550000
3.63700000,0.88730000,0.38490000,-1.22100000,-1.62400000,0.63120000,-0.70550000
3.66700000,0.88730000,0.38490000,-1.22100000,-1.62400000,0.63120000,-0.70550000
3.66700000,0.88730000,0.38490000,-1.22100000,-1.62400000,0.63120000,-0.70550000
3.79100000,0.88730000,0.38490000,-1.22100000,-1.62400000,0.63120000,-0.70550000
3.82100000,0.88730000,0.38490000,-1.22100000,-1.62400000,0.63120000,-0.70550000
3.89300000,0.88730000,0.38490000,-1.22100000,-1.62400000,0.63120000,-0.70550000
3.89300000,0.88730000,0.38490000,-1.22100000,-1.62400000,0.63120000,-0.70550000
3.96400000,0.88730000,0.38490000,-1.22100000,-1.62400000,0.63120000,-0.70550000
3.96400000,0.88730000,0.38490000,-1.22100000,-1.62400000,0.63120000,-0.70550000
4.08000000,0.88730000,0.38490000,-1.22100000,-1.62400000,0.63120000,-0.70550000
4.08000000,0.88730000,0.38490000,-1.22100000,-1.62400000,0.63120000,-0.70550000
4.11000000,0.88730000,0.38490000,-1.22100000,-1.62400000,0.63120000,-0.70550000
4.20100000,0.88730000,0.38490000,-1.22100000,-1.62400000,0.63120000,-0.70550000
4.20100000,0.88730000,0.38490000,-1.22100000,-1.62400000,0.63120000,-0.70550000
4.30300000,0.88730000,0.38490000,-1.22100000,-1.62400000,0.63120000,-0.70550000
4.33300000,0.88730000,0.38490000,-1.22100000,-1.62400000,0.63120000,-0.70550000
4.37100000,0.88730000,0.38490000,-1.22100000,-1.62400000,0.63120000,-0.70550000
4.46800000,0.88730000,0.38490000,-1.22100000,-1.62400000,0.63120000,-0.70550000
4.46800000,0.88730000,0.38490000,-1.22100000,-1.62400000,0.63120000,-0.70550000
4.49800000,0.88730000,0.38490000,-1.22100000,-1.62400000,0.63120000,-0.70550000
4.58800000,0.88730000,0.38490000,-1.22100000,-1.62400000,0.63120000,-0.70550000
4.61800000,0.88730000,0.38490000,-1.22100000,-1.62400000,0.63120000,-0.70550000
4.64800000,0.88730000,0.38490000,-1.22100000,-1.62400000,0.63120000,-0.70550000
4.71200000,0.88730000,0.38490000,-1.22100000,-1.62400000,0.63120000,-0.70550000
4.71200000,0.88730000,0.38490000,-1.22100000,-1.62400000,0.63120000,-0.70550000
4.79200000,0.88730000,0.38490000,-1.22100000,-1.62400000,0.63120000,-0.70550000
4.79200000,0.88730000,0.38490000,-1.22100000,-1.62400000,0.63120000,-0.70550000
4.86400000,0.88730000,0.38490000,-1.22100000,-1.62400000,0.63120000,-0.70550000
4.86400000,0.88730000,0.38490000,-1.22100000,-1.62400000,0.63120000,-0.70550000
4.89400000,0.88730000,0.38490000,-1.22100000,-1.62400000,0.63120000,-0.70550000
4.95400000,0.88730000,0.38490000,-1.22100000,-1.62400000,0.63120000,-0.70550000
4.98400000,0.88730000,0.38490000,-1.22100000,-1.62400000,0.63120000,-0.70550000
5.01400000,0.88730000,0.38490000,-1.22100000,-1.62400000,0.63120000,-0.70550000
5.07400000,0.88730000,0.38490000,-1.22100000,-1.62400000,0.63120000,-0.70550000
5.10400000,0.88730000,0.38490000,-1.22100000,-1.62400000,0.63120000,-0.70550000
5.16900000,0.88730000,0.38490000,-1.22100000,-1.62400000,0.63120000,-0.70550000
5.19900000,0.88730000,0.38490000,-1.22100000,-1.62400000,0.63120000,-0.70550000
5.19900000,0.88730000,0.38490000,-1.22100000,-1.62400000,0.63120000,-0.70550000
5.27100000,0.88730000,0.38490000,-1.22100000,-1.62400000,0.63120000,-0.70550000
5.33900000,0.88730000,0.38490000,-1.22100000,-1.62400000,0.63120000,-0.70550000
5.36900000,0.88730000,0.38490000,-1.22100000,-1.62400000,0.63120000,-0.70550000
5.36900000,0.88730000,0.38490000,-1.22100000,-1.62400000,0.63120000,-0.70550000
5.44100000,0.88730000,0.38490000,-1.22100000,-1.62400000,0.63120000,-0.70550000
5.47100000,0.88730000,0.38490000,-1.22100000,-1.62400000,0.63120000,-0.70550000
5.54400000,0.88730000,0.38490000,-1.22100000,-1.62400000,0.63120000,-0.70550000
5.54400000,0.88730000,0.38490000,-1.22100000,-1.62400000,0.63120000,-0.70550000
5.61400000,0.88730000,0.38490000,-1.22100000,-1.62400000,0.63120000,-0.70550000
5.64400000,0.88730000,0.38490000,-1.22100000,-1.62400000,0.63120000,-0.70550000
5.67400000,0.88730000,0.38490000,-1.22100000,-1.62400000,0.63120000,-0.70550000
5.73800000,0.88730000,0.38490000,-1.22100000,-1.62400000,0.63120000,-0.70550000
5.76800000,0.88730000,0.38490000,-1.22100000,-1.62400000,0.63120000,-0.70550000
5.79800000,0.88730000,0.38490000,-1.22100000,-1.62400000,0.63120000,-0.70550000
5.82800000,0.88730000,0.38490000,-1.22100000,-1.62400000,0.63120000,-0.70550000
5.90100000,0.88730000,0.38490000,-1.22100000,-1.62400000,0.63120000,-0.70550000
5.90100000,0.88730000,0.38490000,-1.22100000,-1.62400000,0.63120000,-0.70550000
5.97300000,0.88730000,0.38490000,-1.22100000,-1.62400000,0.63120000,-0.70550000
5.97300000,0.88730000,0.38490000,-1.22100000,-1.62400000,0.63120000,-0.70550000
6.00300000,0.88730000,0.38490000,-1.22100000,-1.62400000,0.63120000,-0.70550000
6.06300000,0.88730000,0.38490000,-1.22100000,-1.62400000,0.63120000,-0.70550000
6.09300000,0.88730000,0.38490000,-1.22100000,-1.62400000,0.63120000,-0.70550000
6.12300000,0.88730000,0.38490000,-1.22100000,-1.62400000,0.63120000,-0.70550000
6.23400000,0.88730000,0.38490000,-1.22100000,-1.62400000,0.63120000,-0.70550000
6.23400000,0.88730000,0.38490000,-1.22100000,-1.62400000,0.63120000,-0.70550000
6.30800000,0.88730000,0.38490000,-1.22100000,-1.62400000,0.63120000,-0.70550000
6.33800000,0.88730000,0.38490000,-1.22100000,-1.62400000,0.63120000,-0.70550000
6.41000000,0.88730000,0.38490000,-1.22100000,-1.62400000,0.63120000,-0.70550000
6.41000000,0.88730000,0.38490000,-1.22100000,-1.62400000,0.63120000,-0.70550000
6.51000000,0.88730000,0.38490000,-1.22100000,-1.62400000,0.63120000,-0.70550000
6.54000000,0.88730000,0.38490000,-1.22100000,-1.62400000,0.63120000,-0.70550000
6.54000000,0.88730000,0.38490000,-1.22100000,-1.62400000,0.63120000,-0.70550000
6.63300000,0.88730000,0.38490000,-1.22100000,-1.62400000,0.63120000,-0.70550000
6.66300000,0.88730000,0.38490000,-1.22100000,-1.62400000,0.63120000,-0.70550000
6.69300000,0.88730000,0.38490000,-1.22100000,-1.62400000,0.63120000,-0.70550000
6.72300000,0.88730000,0.38490000,-1.22100000,-1.62400000,0.63120000,-0.70550000
6.81300000,0.88730000,0.38490000,-1.22100000,-1.62400000,0.63120000,-0.70550000
6.81300000,0.88730000,0.38490000,-1.22100000,-1.62400000,0.63120000,-0.70550000
6.84300000,0.88730000,0.38490000,-1.22100000,-1.62400000,0.63120000,-0.70550000
6.93300000,0.88730000,0.38490000,-1.22100000,-1.62400000,0.63120000,-0.70550000
6.93300000,0.88730000,0.38490000,-1.22100000,-1.62400000,0.63120000,-0.70550000
7.04800000,0.88730000,0.38490000,-1.22100000,-1.62400000,0.63120000,-0.70550000
7.04800000,0.88730000,0.38490000,-1.22100000,-1.62400000,0.63120000,-0.70550000
7.11700000,0.88730000,0.38490000,-1.22100000,-1.62400000,0.63120000,-0.70550000
7.14700000,0.88730000,0.38490000,-1.22100000,-1.62400000,0.63120000,-0.70550000
7.17700000,0.88730000,0.38490000,-1.22100000,-1.62400000,0.63120000,-0.70550000
7.20700000,0.88730000,0.38490000,-1.22100000,-1.62400000,0.63120000,-0.70550000
7.27900000,0.88730000,0.38490000,-1.22100000,-1.62400000,0.63120000,-0.70550000
7.30900000,0.88730000,0.38490000,-1.22100000,-1.62400000,0.63120000,-0.70550000
7.37900000,0.88730000,0.38490000,-1.22100000,-1.62400000,0.63120000,-0.70550000
7.44500000,0.88730000,0.38490000,-1.22100000,-1.62400000,0.63120000,-0.70550000
7.47500000,0.88730000,0.38490000,-1.22100000,-1.62400000,0.63120000,-0.70550000
7.50500000,0.88730000,0.38490000,-1.22100000,-1.62400000,0.63120000,-0.70550000
7.57200000,0.88730000,0.38490000,-1.22100000,-1.62400000,0.63120000,-0.70550000
7.62000000,0.88730000,0.38490000,-1.22100000,-1.62400000,0.63120000,-0.70550000
7.69000000,0.88730000,0.38490000,-1.22100000,-1.62400000,0.63120000,-0.70550000
7.72000000,0.88730000,0.38490000,-1.22100000,-1.62400000,0.63120000,-0.70550000
7.79700000,0.88730000,0.38490000,-1.22100000,-1.62400000,0.63120000,-0.70550000
7.79700000,0.88730000,0.38490000,-1.22100000,-1.62400000,0.63120000,-0.70550000
7.87000000,0.88730000,0.38490000,-1.22100000,-1.62400000,0.63120000,-0.70550000
7.90000000,0.88730000,0.38490000,-1.22100000,-1.62400000,0.63120000,-0.70550000
7.97200000,0.88730000,0.38490000,-1.22100000,-1.62400000,0.63120000,-0.70550000
8.00200000,0.88730000,0.38490000,-1.22100000,-1.62400000,0.63120000,-0.70550000
8.06800000,0.88730000,0.38490000,-1.22100000,-1.62400000,0.63120000,-0.70550000
8.13500000,0.88730000,0.38490000,-1.22100000,-1.62400000,0.63120000,-0.70550000
8.16500000,0.88730000,0.38490000,-1.22100000,-1.62400000,0.63120000,-0.70550000
8.16500000,0.88730000,0.38490000,-1.22100000,-1.62400000,0.63120000,-0.70550000
8.25700000,0.88730000,0.38490000,-1.22100000,-1.62400000,0.63120000,-0.70550000
8.28700000,0.88730000,0.38490000,-1.22100000,-1.62400000,0.63120000,-0.70550000
8.31700000,0.88730000,0.38490000,-1.22100000,-1.62400000,0.63120000,-0.70550000
8.34700000,0.88730000,0.38490000,-1.22100000,-1.62400000,0.63120000,-0.70550000
8.42000000,0.88730000,0.38490000,-1.22100000,-1.62400000,0.63120000,-0.70550000
8.42000000,0.88730000,0.38490000,-1.22100000,-1.62400000,0.63120000,-0.70550000
8.49200000,0.88730000,0.38490000,-1.22100000,-1.62400000,0.63120000,-0.70550000
8.49200000,0.88730000,0.38490000,-1.22100000,-1.62400000,0.63120000,-0.70550000
8.56100000,0.88730000,0.38490000,-1.22100000,-1.62400000,0.63120000,-0.70550000
8.59100000,0.88730000,0.38490000,-1.22100000,-1.62400000,0.63120000,-0.70550000
8.66300000,0.88730000,0.38490000,-1.22100000,-1.62400000,0.63120000,-0.70550000
8.66300000,0.88730000,0.38490000,-1.22100000,-1.62400000,0.63120000,-0.70550000
8.73500000,0.88730000,0.38490000,-1.22100000,-1.62400000,0.63120000,-0.70550000
8.80000000,0.88730000,0.38490000,-1.22100000,-1.62400000,0.63120000,-0.70550000
8.83000000,0.88730000,0.38490000,-1.22100000,-1.62400000,0.63120000,-0.70550000
8.83000000,0.88730000,0.38490000,-1.22100000,-1.62400000,0.63120000,-0.70550000
8.90100000,0.88730000,0.38490000,-1.22100000,-1.62400000,0.63120000,-0.70550000
8.90100000,0.88730000,0.38490000,-1.22100000,-1.62400000,0.63120000,-0.70550000
8.97200000,0.88720000,0.38490000,-1.22100000,-1.62400000,0.63120000,-0.70550000
8.97200000,0.88730000,0.38490000,-1.22100000,-1.62400000,0.63120000,-0.70550000
9.08600000,0.88720000,0.38490000,-1.22100000,-1.62400000,0.63120000,-0.70550000
9.08600000,0.88720000,0.38490000,-1.22100000,-1.62400000,0.63120000,-0.70550000
9.15600000,0.88730000,0.38490000,-1.22100000,-1.62400000,0.63120000,-0.70550000
9.18600000,0.88730000,0.38490000,-1.22100000,-1.62400000,0.63120000,-0.70550000
9.21600000,0.88730000,0.38490000,-1.22100000,-1.62400000,0.63120000,-0.70550000
9.24600000,0.88730000,0.38490000,-1.22100000,-1.62400000,0.63120000,-0.70550000
9.32200000,0.88730000,0.38490000,-1.22100000,-1.62400000,0.63120000,-0.70550000
9.35200000,0.88730000,0.38490000,-1.22100000,-1.62400000,0.63120000,-0.70550000
9.41200000,0.88730000,0.38490000,-1.22100000,-1.62400000,0.63120000,-0.70550000
9.48000000,0.88720000,0.38490000,-1.22100000,-1.62400000,0.63120000,-0.70550000
9.48000000,0.88730000,0.38490000,-1.22100000,-1.62400000,0.63120000,-0.70550000
9.51000000,0.88720000,0.38490000,-1.22100000,-1.62400000,0.63120000,-0.70550000
9.60100000,0.88720000,0.38490000,-1.22100000,-1.62400000,0.63120000,-0.70550000
9.63100000,0.88720000,0.38490000,-1.22100000,-1.62400000,0.63120000,-0.70550000
9.66100000,0.88720000,0.38490000,-1.22100000,-1.62400000,0.63120000,-0.70550000
9.72600000,0.88720000,0.38490000,-1.22100000,-1.62400000,0.63120000,-0.70550000
9.72600000,0.88720000,0.38490000,-1.22100000,-1.62400000,0.63120000,-0.70550000
9.80100000,0.88720000,0.38490000,-1.22100000,-1.62400000,0.63120000,-0.70550000
9.86800000,0.88720000,0.38490000,-1.22100000,-1.62400000,0.63120000,-0.70550000
9.86800000,0.88720000,0.38490000,-1.22100000,-1.62400000,0.63120000,-0.70550000
9.94000000,0.88720000,0.38490000,-1.22100000,-1.62400000,0.63120000,-0.70550000
9.97000000,0.88730000,0.38490000,-1.22100000,-1.62400000,0.63120000,-0.70550000
10.04000000,0.88730000,0.38490000,-1.22100000,-1.62400000,0.63120000,-0.70550000
10.04000000,0.88730000,0.38490000,-1.22100000,-1.62400000,0.63120000,-0.70550000
10.12000000,0.88730000,0.38490000,-1.22100000,-1.62400000,0.63120000,-0.70550000
10.15000000,0.88720000,0.38490000,-1.22100000,-1.62400000,0.63120000,-0.70550000
10.18000000,0.88720000,0.38490000,-1.22100000,-1.62400000,0.63120000,-0.70550000
10.24000000,0.88720000,0.38490000,-1.22100000,-1.62400000,0.63120000,-0.70550000
10.27000000,0.88720000,0.38490000,-1.22100000,-1.62400000,0.63120000,-0.70550000
10.30000000,0.88720000,0.38490000,-1.22100000,-1.62400000,0.63120000,-0.70550000
10.39000000,0.88720000,0.38490000,-1.22100000,-1.62400000,0.63120000,-0.70550000
10.39000000,0.88720000,0.38490000,-1.22100000,-1.62400000,0.63120000,-0.70550000
10.46000000,0.88720000,0.38490000,-1.22100000,-1.62400000,0.63120000,-0.70550000
10.53000000,0.88720000,0.38490000,-1.22100000,-1.62400000,0.63120000,-0.70550000
10.53000000,0.88720000,0.38490000,-1.22100000,-1.62400000,0.63120000,-0.70550000
10.63000000,0.88720000,0.38490000,-1.22100000,-1.62400000,0.63120000,-0.70550000
10.63000000,0.88720000,0.38490000,-1.22100000,-1.62400000,0.63120000,-0.70550000
10.70000000,0.88720000,0.38490000,-1.22100000,-1.62400000,0.63120000,-0.70550000
10.80000000,0.88720000,0.38490000,-1.22100000,-1.62400000,0.63120000,-0.70550000
10.83000000,0.88720000,0.38490000,-1.22100000,-1.62400000,0.63120000,-0.70550000
10.86000000,0.88720000,0.38490000,-1.22100000,-1.62400000,0.63120000,-0.70550000
10.89000000,0.88720000,0.38490000,-1.22100000,-1.62400000,0.63120000,-0.70550000
11.01000000,0.88730000,0.38490000,-1.22100000,-1.62400000,0.63120000,-0.70550000
11.01000000,0.88730000,0.38490000,-1.22100000,-1.62400000,0.63120000,-0.70550000
11.08000000,0.88720000,0.38490000,-1.22100000,-1.62400000,0.63120000,-0.70550000
11.11000000,0.88720000,0.38490000,-1.22100000,-1.62400000,0.63120000,-0.70550000
11.14000000,0.88720000,0.38490000,-1.22100000,-1.62400000,0.63120000,-0.70550000
11.23000000,0.88720000,0.38490000,-1.22100000,-1.62400000,0.63120000,-0.70550000
11.23000000,0.88720000,0.38490000,-1.22100000,-1.62400000,0.63120000,-0.70550000
11.31000000,0.88720000,0.38490000,-1.22100000,-1.62400000,0.63120000,-0.70550000
11.34000000,0.88720000,0.38490000,-1.22100000,-1.62400000,0.63120000,-0.70550000
11.41000000,0.88720000,0.38490000,-1.22100000,-1.62400000,0.63120000,-0.70550000
11.44000000,0.88720000,0.38490000,-1.22100000,-1.62400000,0.63120000,-0.70550000
11.44000000,0.88720000,0.38490000,-1.22100000,-1.62400000,0.63120000,-0.70550000
11.53000000,0.88720000,0.38490000,-1.22100000,-1.62400000,0.63120000,-0.70550000
11.56000000,0.88720000,0.38490000,-1.22100000,-1.62400000,0.63120000,-0.70550000
11.63000000,0.88720000,0.38490000,-1.22100000,-1.62400000,0.63120000,-0.70550000
11.73000000,0.88720000,0.38490000,-1.22100000,-1.62400000,0.63120000,-0.70550000
11.73000000,0.88720000,0.38490000,-1.22100000,-1.62400000,0.63120000,-0.70550000
11.85000000,0.88720000,0.38490000,-1.22100000,-1.62400000,0.63120000,-0.70550000
11.85000000,0.88720000,0.38490000,-1.22100000,-1.62400000,0.63120000,-0.70550000
11.88000000,0.88720000,0.38490000,-1.22100000,-1.62400000,0.63120000,-0.70550000
11.97000000,0.88730000,0.38490000,-1.22100000,-1.62400000,0.63120000,-0.70550000
11.97000000,0.88730000,0.38490000,-1.22100000,-1.62400000,0.63120000,-0.70550000
12.04000000,0.88730000,0.38490000,-1.22100000,-1.62400000,0.63120000,-0.70550000
12.07000000,0.88720000,0.38490000,-1.22100000,-1.62400000,0.63120000,-0.70550000
12.14000000,0.88720000,0.38490000,-1.22100000,-1.62400000,0.63120000,-0.70550000
12.14000000,0.88720000,0.38490000,-1.22100000,-1.62400000,0.63120000,-0.70550000
12.17000000,0.88720000,0.38490000,-1.22100000,-1.62400000,0.63120000,-0.70550000
12.27000000,0.88720000,0.38490000,-1.22100000,-1.62400000,0.63120000,-0.70550000
12.27000000,0.88720000,0.38490000,-1.22100000,-1.62400000,0.63120000,-0.70550000
12.34000000,0.88720000,0.38490000,-1.22100000,-1.62400000,0.63120000,-0.70550000
12.37000000,0.88720000,0.38490000,-1.22100000,-1.62400000,0.63120000,-0.70550000
12.37000000,0.88720000,0.38490000,-1.22100000,-1.62400000,0.63120000,-0.70550000
12.46000000,0.88720000,0.38490000,-1.22100000,-1.62400000,0.63120000,-0.70550000
12.49000000,0.88720000,0.38490000,-1.22100000,-1.62400000,0.63120000,-0.70550000
12.49000000,0.88720000,0.38490000,-1.22100000,-1.62400000,0.63120000,-0.70550000
12.58000000,0.88720000,0.38490000,-1.22100000,-1.62400000,0.63120000,-0.70550000
12.61000000,0.88720000,0.38490000,-1.22100000,-1.62400000,0.63120000,-0.70550000
12.68000000,0.88720000,0.38490000,-1.22100000,-1.62400000,0.63120000,-0.70550000
12.68000000,0.88720000,0.38490000,-1.22100000,-1.62400000,0.63120000,-0.70550000
12.75000000,0.88720000,0.38490000,-1.22100000,-1.62400000,0.63120000,-0.70550000
12.78000000,0.88730000,0.38490000,-1.22100000,-1.62400000,0.63120000,-0.70550000
12.86000000,0.88730000,0.38490000,-1.22100000,-1.62400000,0.63120000,-0.70550000
12.86000000,0.88730000,0.38490000,-1.22100000,-1.62400000,0.63120000,-0.70550000
12.96000000,0.88720000,0.38490000,-1.22100000,-1.62400000,0.63120000,-0.70550000
12.99000000,0.88720000,0.38490000,-1.22100000,-1.62400000,0.63120000,-0.70550000
13.02000000,0.88720000,0.38490000,-1.22100000,-1.62400000,0.63120000,-0.70550000
13.05000000,0.88720000,0.38490000,-1.22100000,-1.62400000,0.63120000,-0.70550000
13.13000000,0.88720000,0.38490000,-1.22100000,-1.62400000,0.63120000,-0.70550000
13.13000000,0.88720000,0.38490000,-1.22100000,-1.62400000,0.63120000,-0.70550000
13.23000000,0.88720000,0.38490000,-1.22100000,-1.62400000,0.63120000,-0.70550000
13.26000000,0.88720000,0.38490000,-1.22100000,-1.62400000,0.63120000,-0.70550000
13.29000000,0.88720000,0.38490000,-1.22100000,-1.62400000,0.63120000,-0.70550000
13.35000000,0.88720000,0.38490000,-1.22100000,-1.62400000,0.63120000,-0.70550000
13.38000000,0.88720000,0.38490000,-1.22100000,-1.62400000,0.63120000,-0.70550000
13.44000000,0.88720000,0.38490000,-1.22100000,-1.62400000,0.63120000,-0.70550000
13.52000000,0.88720000,0.38490000,-1.22100000,-1.62400000,0.63120000,-0.70550000
13.52000000,0.88720000,0.38490000,-1.22100000,-1.62400000,0.63120000,-0.70550000
13.62000000,0.88730000,0.38490000,-1.22100000,-1.62400000,0.63120000,-0.70550000
13.62000000,0.88720000,0.38490000,-1.22100000,-1.62400000,0.63120000,-0.70550000
13.72000000,0.88730000,0.38490000,-1.22100000,-1.62400000,0.63120000,-0.70550000
13.72000000,0.88720000,0.38490000,-1.22100000,-1.62400000,0.63120000,-0.70550000
13.79000000,0.88720000,0.38490000,-1.22100000,-1.62400000,0.63120000,-0.70550000
13.86000000,0.88720000,0.38490000,-1.22100000,-1.62400000,0.63120000,-0.70550000
13.89000000,0.88720000,0.38490000,-1.22100000,-1.62400000,0.63120000,-0.70550000
13.92000000,0.88720000,0.38490000,-1.22100000,-1.62400000,0.63120000,-0.70550000
13.99000000,0.88720000,0.38490000,-1.22100000,-1.62400000,0.63120000,-0.70550000
14.02000000,0.88720000,0.38490000,-1.22100000,-1.62400000,0.63120000,-0.70550000
14.09000000,0.88720000,0.38490000,-1.22100000,-1.62400000,0.63120000,-0.70550000
14.12000000,0.88720000,0.38490000,-1.22100000,-1.62400000,0.63120000,-0.70550000
14.18000000,0.88720000,0.38490000,-1.22100000,-1.62400000,0.63120000,-0.70550000
14.25000000,0.88720000,0.38490000,-1.22100000,-1.62400000,0.63120000,-0.70550000
14.32000000,0.88720000,0.38490000,-1.22100000,-1.62400000,0.63120000,-0.70550000
14.35000000,0.88720000,0.38490000,-1.22100000,-1.62400000,0.63120000,-0.70550000
14.38000000,0.88720000,0.38490000,-1.22100000,-1.62400000,0.63120000,-0.70550000
14.47000000,0.88720000,0.38490000,-1.22100000,-1.62400000,0.63120000,-0.70550000
14.47000000,0.88720000,0.38490000,-1.22100000,-1.62400000,0.63120000,-0.70550000
14.54000000,0.88720000,0.38490000,-1.22100000,-1.62400000,0.63120000,-0.70550000
14.54000000,0.88720000,0.38490000,-1.22100000,-1.62400000,0.63120000,-0.70550000
14.62000000,0.88720000,0.38490000,-1.22100000,-1.62400000,0.63120000,-0.70550000
14.65000000,0.88720000,0.38490000,-1.22100000,-1.62400000,0.63120000,-0.70550000
14.71000000,0.88720000,0.38490000,-1.22100000,-1.62400000,0.63120000,-0.70550000
14.71000000,0.88720000,0.38490000,-1.22100000,-1.62400000,0.63120000,-0.70550000
14.78000000,0.88720000,0.38490000,-1.22100000,-1.62400000,0.63120000,-0.70550000
14.86000000,0.88720000,0.38490000,-1.22100000,-1.62400000,0.63120000,-0.70550000
14.89000000,0.88720000,0.38490000,-1.22100000,-1.62400000,0.63120000,-0.70550000
14.96000000,0.88720000,0.38490000,-1.22100000,-1.62400000,0.63120000,-0.70550000
14.99000000,0.88720000,0.38490000,-1.22100000,-1.62400000,0.63120000,-0.70550000
14.99000000,0.88720000,0.38490000,-1.22100000,-1.62400000,0.63120000,-0.70550000
15.09000000,0.88720000,0.38490000,-1.22100000,-1.62400000,0.63120000,-0.70550000
15.09000000,0.88720000,0.38490000,-1.22100000,-1.62400000,0.63120000,-0.70550000
15.12000000,0.88720000,0.38490000,-1.22100000,-1.62400000,0.63120000,-0.70550000
15.18000000,0.88720000,0.38490000,-1.22100000,-1.62400000,0.63120000,-0.70550000
15.21000000,0.88720000,0.38490000,-1.22100000,-1.62400000,0.63120000,-0.70550000
15.24000000,0.88720000,0.38490000,-1.22100000,-1.62400000,0.63120000,-0.70550000
15.32000000,0.88720000,0.38490000,-1.22100000,-1.62400000,0.63120000,-0.70550000
15.39000000,0.88720000,0.38490000,-1.22100000,-1.62400000,0.63120000,-0.70550000
15.39000000,0.88720000,0.38490000,-1.22100000,-1.62400000,0.63120000,-0.70550000
15.46000000,0.88720000,0.38490000,-1.22100000,-1.62400000,0.63120000,-0.70550000
15.49000000,0.88720000,0.38490000,-1.22100000,-1.62400000,0.63120000,-0.70550000
15.55000000,0.88720000,0.38490000,-1.22100000,-1.62400000,0.63120000,-0.70550000
15.58000000,0.88720000,0.38490000,-1.22100000,-1.62400000,0.63120000,-0.70550000
15.69000000,0.88720000,0.38490000,-1.22100000,-1.62400000,0.63120000,-0.70550000
15.69000000,0.88720000,0.38490000,-1.22100000,-1.62400000,0.63120000,-0.70550000
15.79000000,0.88720000,0.38490000,-1.22100000,-1.62400000,0.63120000,-0.70550000
15.85000000,0.88720000,0.38490000,-1.22100000,-1.62400000,0.63120000,-0.70550000
15.85000000,0.88720000,0.38490000,-1.22100000,-1.62400000,0.63120000,-0.70550000
15.93000000,0.88720000,0.38490000,-1.22100000,-1.62400000,0.63120000,-0.70550000
15.93000000,0.88720000,0.38490000,-1.22100000,-1.62400000,0.63120000,-0.70550000
15.96000000,0.88720000,0.38490000,-1.22100000,-1.62400000,0.63120000,-0.70550000
16.02000000,0.88720000,0.38490000,-1.22100000,-1.62400000,0.63120000,-0.70550000
16.08000000,0.88720000,0.38490000,-1.22100000,-1.62400000,0.63120000,-0.70550000
16.14000000,0.88720000,0.38490000,-1.22100000,-1.62400000,0.63120000,-0.70550000
16.21000000,0.88720000,0.38490000,-1.22100000,-1.62400000,0.63120000,-0.70550000
16.24000000,0.88720000,0.38490000,-1.22100000,-1.62400000,0.63120000,-0.70550000
16.27000000,0.88720000,0.38490000,-1.22100000,-1.62400000,0.63120000,-0.70550000
16.30000000,0.88720000,0.38490000,-1.22100000,-1.62400000,0.63120000,-0.70550000
16.37000000,0.88720000,0.38490000,-1.22100000,-1.62400000,0.63120000,-0.70550000
16.37000000,0.88720000,0.38490000,-1.22100000,-1.62400000,0.63120000,-0.70550000
16.44000000,0.88720000,0.38490000,-1.22100000,-1.62400000,0.63120000,-0.70550000
16.47000000,0.88720000,0.38490000,-1.22100000,-1.62400000,0.63120000,-0.70550000
16.47000000,0.88720000,0.38490000,-1.22100000,-1.62400000,0.63120000,-0.70550000
16.53000000,0.88720000,0.38490000,-1.22100000,-1.62400000,0.63120000,-0.70550000
16.59000000,0.88720000,0.38490000,-1.22100000,-1.62400000,0.63120000,-0.70550000
16.62000000,0.88720000,0.38490000,-1.22100000,-1.62400000,0.63120000,-0.70550000
16.65000000,0.88720000,0.38490000,-1.22100000,-1.62400000,0.63120000,-0.70550000
16.74000000,0.88720000,0.38490000,-1.22100000,-1.62400000,0.63120000,-0.70550000
16.77000000,0.88720000,0.38490000,-1.22100000,-1.62400000,0.63120000,-0.70550000
16.87000000,0.88720000,0.38490000,-1.22100000,-1.62400000,0.63120000,-0.70550000
16.90000000,0.88720000,0.38490000,-1.22100000,-1.62400000,0.63120000,-0.70550000
16.96000000,0.88720000,0.38490000,-1.22100000,-1.62400000,0.63120000,-0.70550000
16.96000000,0.88720000,0.38490000,-1.22100000,-1.62400000,0.63120000,-0.70550000
17.03000000,0.88720000,0.38490000,-1.22100000,-1.62400000,0.63120000,-0.70550000
17.03000000,0.88720000,0.38490000,-1.22100000,-1.62400000,0.63120000,-0.70550000
17.13000000,0.88720000,0.38490000,-1.22100000,-1.62400000,0.63120000,-0.70550000
17.16000000,0.88720000,0.38490000,-1.22100000,-1.62400000,0.63120000,-0.70550000
17.23000000,0.88720000,0.38490000,-1.22100000,-1.62400000,0.63120000,-0.70550000
17.26000000,0.88720000,0.38490000,-1.22100000,-1.62400000,0.63120000,-0.70550000
17.26000000,0.88720000,0.38490000,-1.22100000,-1.62400000,0.63120000,-0.70550000
17.33000000,0.88720000,0.38490000,-1.22100000,-1.62400000,0.63120000,-0.70550000
17.33000000,0.88720000,0.38490000,-1.22100000,-1.62400000,0.63120000,-0.70550000
17.40000000,0.88720000,0.38490000,-1.22100000,-1.62400000,0.63120000,-0.70550000
17.43000000,0.88720000,0.38490000,-1.22100000,-1.62400000,0.63120000,-0.70550000
17.46000000,0.88720000,0.38490000,-1.22100000,-1.62400000,0.63120000,-0.70550000
17.53000000,0.88720000,0.38490000,-1.22100000,-1.62400000,0.63120000,-0.70550000
17.56000000,0.88720000,0.38490000,-1.22100000,-1.62400000,0.63120000,-0.70550000
17.62000000,0.88720000,0.38490000,-1.22100000,-1.62400000,0.63120000,-0.70550000
17.62000000,0.88720000,0.38490000,-1.22100000,-1.62400000,0.63120000,-0.70550000
17.69000000,0.88720000,0.38490000,-1.22100000,-1.62400000,0.63120000,-0.70550000
17.69000000,0.88720000,0.38490000,-1.22100000,-1.62400000,0.63120000,-0.70550000
17.76000000,0.88720000,0.38490000,-1.22100000,-1.62400000,0.63120000,-0.70550000
17.79000000,0.88720000,0.38490000,-1.22100000,-1.62400000,0.63120000,-0.70550000
17.91000000,0.88720000,0.38490000,-1.22100000,-1.62400000,0.63120000,-0.70550000
17.94000000,0.88720000,0.38490000,-1.22100000,-1.62400000,0.63120000,-0.70550000
17.97000000,0.88720000,0.38490000,-1.22100000,-1.62400000,0.63120000,-0.70550000
18.04000000,0.88720000,0.38490000,-1.22100000,-1.62400000,0.63120000,-0.70550000
18.11000000,0.88720000,0.38490000,-1.22100000,-1.62400000,0.63120000,-0.70550000
18.11000000,0.88720000,0.38490000,-1.22100000,-1.62400000,0.63120000,-0.70550000
18.19000000,0.88720000,0.38490000,-1.22100000,-1.62400000,0.63120000,-0.70550000
18.22000000,0.88720000,0.38490000,-1.22100000,-1.62400000,0.63120000,-0.70550000
18.22000000,0.88720000,0.38490000,-1.22100000,-1.62400000,0.63120000,-0.70550000
18.29000000,0.88720000,0.38490000,-1.22100000,-1.62400000,0.63120000,-0.70550000
18.29000000,0.88720000,0.38490000,-1.22100000,-1.62400000,0.63120000,-0.70550000
18.36000000,0.88720000,0.38490000,-1.22100000,-1.62400000,0.63120000,-0.70550000
18.39000000,0.88720000,0.38490000,-1.22100000,-1.62400000,0.63120000,-0.70550000
18.42000000,0.88720000,0.38490000,-1.22100000,-1.62400000,0.63120000,-0.70550000
18.49000000,0.88720000,0.38490000,-1.22100000,-1.62400000,0.63120000,-0.70550000
18.52000000,0.88720000,0.38490000,-1.22100000,-1.62400000,0.63120000,-0.70550000
18.52000000,0.88720000,0.38490000,-1.22100000,-1.62400000,0.63120000,-0.70550000
18.65000000,0.88720000,0.38490000,-1.22100000,-1.62400000,0.63120000,-0.70550000
18.65000000,0.88720000,0.38490000,-1.22100000,-1.62400000,0.63120000,-0.70550000
18.72000000,0.88720000,0.38490000,-1.22100000,-1.62400000,0.63120000,-0.70550000
18.75000000,0.88720000,0.38490000,-1.22100000,-1.62400000,0.63120000,-0.70550000
18.78000000,0.88720000,0.38490000,-1.22100000,-1.62400000,0.63120000,-0.70550000
18.87000000,0.88720000,0.38490000,-1.22100000,-1.62400000,0.63120000,-0.70550000
18.87000000,0.88720000,0.38490000,-1.22100000,-1.62400000,0.63120000,-0.70550000
18.94000000,0.88720000,0.38490000,-1.22100000,-1.62400000,0.63120000,-0.70550000
18.94000000,0.88720000,0.38490000,-1.22100000,-1.62400000,0.63120000,-0.70550000
18.97000000,0.88720000,0.38490000,-1.22100000,-1.62400000,0.63120000,-0.70550000
19.04000000,0.88720000,0.38490000,-1.22100000,-1.62400000,0.63120000,-0.70550000
19.04000000,0.88720000,0.38490000,-1.22100000,-1.62400000,0.63120000,-0.70550000
19.11000000,0.88720000,0.38490000,-1.22100000,-1.62400000,0.63120000,-0.70550000
19.14000000,0.88720000,0.38490000,-1.22100000,-1.62400000,0.63120000,-0.70550000
19.17000000,0.88720000,0.38490000,-1.22100000,-1.62400000,0.63120000,-0.70550000
19.23000000,0.88720000,0.38490000,-1.22100000,-1.62400000,0.63120000,-0.70550000
19.23000000,0.88720000,0.38490000,-1.22100000,-1.62400000,0.63120000,-0.70550000
19.26000000,0.88720000,0.38490000,-1.22100000,-1.62400000,0.63120000,-0.70550000
19.35000000,0.88720000,0.38490000,-1.22100000,-1.62400000,0.63120000,-0.70550000
19.35000000,0.88720000,0.38490000,-1.22100000,-1.62400000,0.63120000,-0.70550000
19.38000000,0.88720000,0.38490000,-1.22100000,-1.62400000,0.63120000,-0.70550000
19.44000000,0.88720000,0.38490000,-1.22100000,-1.62400000,0.63120000,-0.70550000
19.47000000,0.88720000,0.38490000,-1.22100000,-1.62400000,0.63120000,-0.70550000
19.59000000,0.88720000,0.38490000,-1.22100000,-1.62400000,0.63120000,-0.70550000
19.59000000,0.88720000,0.38490000,-1.22100000,-1.62400000,0.63120000,-0.70550000
19.66000000,0.88720000,0.38490000,-1.22100000,-1.62400000,0.63120000,-0.70550000
19.69000000,0.88720000,0.38490000,-1.22100000,-1.62400000,0.63120000,-0.70550000
19.69000000,0.88720000,0.38490000,-1.22100000,-1.62400000,0.63120000,-0.70550000
19.76000000,0.88720000,0.38490000,-1.22100000,-1.62400000,0.63120000,-0.70550000
19.83000000,0.88720000,0.38490000,-1.22100000,-1.62400000,0.63120000,-0.70550000
19.83000000,0.88720000,0.38490000,-1.22100000,-1.62400000,0.63120000,-0.70550000
19.90000000,0.88720000,0.38490000,-1.22100000,-1.62400000,0.63120000,-0.70550000
19.93000000,0.88720000,0.38490000,-1.22100000,-1.62400000,0.63120000,-0.70550000
19.96000000,0.88720000,0.38490000,-1.22100000,-1.62400000,0.63120000,-0.70550000
19.99000000,0.88720000,0.38490000,-1.22100000,-1.62400000,0.63120000,-0.70550000
20.06000000,0.88720000,0.38490000,-1.22100000,-1.62400000,0.63120000,-0.70550000
20.06000000,0.88720000,0.38490000,-1.22100000,-1.62400000,0.63120000,-0.70550000
20.16000000,0.88720000,0.38490000,-1.22100000,-1.62400000,0.63120000,-0.70550000
20.19000000,0.88720000,0.38490000,-1.22100000,-1.62400000,0.63120000,-0.70550000
20.22000000,0.88720000,0.38490000,-1.22100000,-1.62400000,0.63120000,-0.70550000
20.31000000,0.88720000,0.38490000,-1.22100000,-1.62400000,0.63120000,-0.70550000
20.34000000,0.88720000,0.38490000,-1.22100000,-1.62400000,0.63120000,-0.70550000
20.44000000,0.88720000,0.38490000,-1.22100000,-1.62400000,0.63120000,-0.70550000
20.44000000,0.88720000,0.38490000,-1.22100000,-1.62400000,0.63120000,-0.70550000
20.51000000,0.88720000,0.38490000,-1.22100000,-1.62400000,0.63120000,-0.70550000
20.54000000,0.88720000,0.38490000,-1.22100000,-1.62400000,0.63120000,-0.70550000
20.57000000,0.88720000,0.38490000,-1.22100000,-1.62400000,0.63120000,-0.70550000
20.64000000,0.88720000,0.38490000,-1.22100000,-1.62400000,0.63120000,-0.70550000
20.64000000,0.88720000,0.38490000,-1.22100000,-1.62400000,0.63120000,-0.70550000
20.71000000,0.88720000,0.38490000,-1.22100000,-1.62400000,0.63120000,-0.70550000
20.80000000,0.88720000,0.38490000,-1.22100000,-1.62400000,0.63120000,-0.70550000
20.87000000,0.88720000,0.38490000,-1.22100000,-1.62400000,0.63120000,-0.70550000
20.87000000,0.88720000,0.38490000,-1.22100000,-1.62400000,0.63120000,-0.70550000
20.97000000,0.88720000,0.38490000,-1.22100000,-1.62400000,0.63120000,-0.70550000
21.00000000,0.88720000,0.38490000,-1.22100000,-1.62400000,0.63120000,-0.70550000
21.03000000,0.88720000,0.38490000,-1.22100000,-1.62400000,0.63120000,-0.70550000
21.10000000,0.88720000,0.38490000,-1.22100000,-1.62400000,0.63120000,-0.70550000
21.17000000,0.88720000,0.38490000,-1.22100000,-1.62400000,0.63120000,-0.70550000
21.20000000,0.88720000,0.38490000,-1.22100000,-1.62400000,0.63120000,-0.70550000
21.23000000,0.88720000,0.38490000,-1.22100000,-1.62400000,0.63120000,-0.70550000
21.29000000,0.88720000,0.38490000,-1.22100000,-1.62400000,0.63120000,-0.70550000
21.33000000,0.88720000,0.38490000,-1.22100000,-1.62400000,0.63120000,-0.70550000
21.39000000,0.88720000,0.38490000,-1.22100000,-1.62400000,0.63120000,-0.70550000
21.39000000,0.88720000,0.38490000,-1.22100000,-1.62400000,0.63120000,-0.70550000
21.42000000,0.88720000,0.38490000,-1.22100000,-1.62400000,0.63120000,-0.70550000
21.52000000,0.88720000,0.38490000,-1.22100000,-1.62400000,0.63120000,-0.70550000
21.52000000,0.88720000,0.38490000,-1.22100000,-1.62400000,0.63120000,-0.70550000
21.55000000,0.88720000,0.38490000,-1.22100000,-1.62400000,0.63120000,-0.70550000
21.64000000,0.88720000,0.38490000,-1.22100000,-1.62400000,0.63120000,-0.70550000
21.67000000,0.88720000,0.38490000,-1.22100000,-1.62400000,0.63120000,-0.70550000
21.67000000,0.88720000,0.38490000,-1.22100000,-1.62400000,0.63120000,-0.70550000
21.73000000,0.88720000,0.38490000,-1.22100000,-1.62400000,0.63120000,-0.70550000
21.80000000,0.88720000,0.38490000,-1.22100000,-1.62400000,0.63120000,-0.70550000
21.80000000,0.88720000,0.38490000,-1.22100000,-1.62400000,0.63120000,-0.70550000
21.87000000,0.88720000,0.38490000,-1.22100000,-1.62400000,0.63120000,-0.70550000
21.87000000,0.88720000,0.38490000,-1.22100000,-1.62400000,0.63120000,-0.70550000
21.90000000,0.88720000,0.38490000,-1.22100000,-1.62400000,0.63120000,-0.70550000
21.99000000,0.88720000,0.38490000,-1.22100000,-1.62400000,0.63120000,-0.70550000
22.02000000,0.88720000,0.38490000,-1.22100000,-1.62400000,0.63120000,-0.70550000
22.05000000,0.88720000,0.38490000,-1.22100000,-1.62400000,0.63120000,-0.70550000
22.11000000,0.88720000,0.38490000,-1.22100000,-1.62400000,0.63120000,-0.70550000
22.14000000,0.88720000,0.38490000,-1.22100000,-1.62400000,0.63120000,-0.70550000
22.14000000,0.88720000,0.38490000,-1.22100000,-1.62400000,0.63120000,-0.70550000
22.23000000,0.88720000,0.38490000,-1.22100000,-1.62400000,0.63120000,-0.70550000
22.23000000,0.88720000,0.38490000,-1.22100000,-1.62400000,0.63120000,-0.70550000
22.26000000,0.88720000,0.38490000,-1.22100000,-1.62400000,0.63120000,-0.70550000
22.35000000,0.88720000,0.38490000,-1.22100000,-1.62400000,0.63120000,-0.70550000
22.35000000,0.88720000,0.38490000,-1.22100000,-1.62400000,0.63120000,-0.70550000
22.38000000,0.88720000,0.38490000,-1.22100000,-1.62400000,0.63120000,-0.70550000
22.47000000,0.88720000,0.38490000,-1.22100000,-1.62400000,0.63120000,-0.70550000
22.50000000,0.88720000,0.38490000,-1.22100000,-1.62400000,0.63120000,-0.70550000
22.50000000,0.88720000,0.38490000,-1.22100000,-1.62400000,0.63120000,-0.70550000
22.60000000,0.88720000,0.38490000,-1.22100000,-1.62400000,0.63120000,-0.70550000
22.60000000,0.88720000,0.38490000,-1.22100000,-1.62400000,0.63120000,-0.70550000
22.71000000,0.88720000,0.38490000,-1.22100000,-1.62400000,0.63120000,-0.70550000
22.71000000,0.88720000,0.38490000,-1.22100000,-1.62400000,0.63120000,-0.70550000
22.74000000,0.88720000,0.38490000,-1.22100000,-1.62400000,0.63120000,-0.70550000
22.80000000,0.88720000,0.38490000,-1.22100000,-1.62400000,0.63120000,-0.70550000
22.83000000,0.88720000,0.38490000,-1.22100000,-1.62400000,0.63120000,-0.70550000
22.90000000,0.88720000,0.38490000,-1.22100000,-1.62400000,0.63120000,-0.70550000
22.93000000,0.88720000,0.38490000,-1.22100000,-1.62400000,0.63120000,-0.70550000
22.93000000,0.88720000,0.38490000,-1.22100000,-1.62400000,0.63120000,-0.70550000
23.02000000,0.88720000,0.38490000,-1.22100000,-1.62400000,0.63120000,-0.70550000
23.05000000,0.88720000,0.38490000,-1.22100000,-1.62400000,0.63120000,-0.70550000
23.11000000,0.88720000,0.38490000,-1.22100000,-1.62400000,0.63120000,-0.70550000
23.11000000,0.88720000,0.38490000,-1.22100000,-1.62400000,0.63120000,-0.70550000
23.18000000,0.88720000,0.38490000,-1.22100000,-1.62400000,0.63120000,-0.70550000
23.18000000,0.88720000,0.38490000,-1.22100000,-1.62400000,0.63120000,-0.70550000
23.28000000,0.88720000,0.38490000,-1.22100000,-1.62400000,0.63120000,-0.70550000
23.28000000,0.88720000,0.38490000,-1.22100000,-1.62400000,0.63120000,-0.70550000
23.35000000,0.88720000,0.38490000,-1.22100000,-1.62400000,0.63120000,-0.70550000
23.38000000,0.88720000,0.38490000,-1.22100000,-1.62400000,0.63120000,-0.70550000
23.38000000,0.88720000,0.38490000,-1.22100000,-1.62400000,0.63120000,-0.70550000
23.47000000,0.88720000,0.38490000,-1.22100000,-1.62400000,0.63120000,-0.70550000
23.50000000,0.88720000,0.38490000,-1.22100000,-1.62400000,0.63120000,-0.70550000
23.57000000,0.88720000,0.38490000,-1.22100000,-1.62400000,0.63120000,-0.70550000
23.57000000,0.88720000,0.38490000,-1.22100000,-1.62400000,0.63120000,-0.70550000
23.60000000,0.88720000,0.38490000,-1.22100000,-1.62400000,0.63120000,-0.70550000
23.66000000,0.88720000,0.38490000,-1.22100000,-1.62400000,0.63120000,-0.70550000
23.69000000,0.88720000,0.38490000,-1.22100000,-1.62400000,0.63120000,-0.70550000
23.76000000,0.88720000,0.38490000,-1.22100000,-1.62400000,0.63120000,-0.70550000
23.76000000,0.88720000,0.38490000,-1.22100000,-1.62400000,0.63120000,-0.70550000
23.87000000,0.88720000,0.38490000,-1.22100000,-1.62400000,0.63120000,-0.70550000
23.87000000,0.88720000,0.38490000,-1.22100000,-1.62400000,0.63120000,-0.70550000
23.95000000,0.88720000,0.38490000,-1.22100000,-1.62400000,0.63120000,-0.70550000
23.95000000,0.88720000,0.38490000,-1.22100000,-1.62400000,0.63120000,-0.70550000
23.98000000,0.88720000,0.38490000,-1.22100000,-1.62400000,0.63120000,-0.70550000
24.04000000,0.88720000,0.38490000,-1.22100000,-1.62400000,0.63120000,-0.70550000
24.07000000,0.88720000,0.38490000,-1.22100000,-1.62400000,0.63120000,-0.70550000
24.10000000,0.88720000,0.38490000,-1.22100000,-1.62400000,0.63120000,-0.70550000
24.19000000,0.88720000,0.38490000,-1.22100000,-1.62400000,0.63120000,-0.70550000
24.19000000,0.88720000,0.38490000,-1.22100000,-1.62400000,0.63120000,-0.70550000
24.30000000,0.88720000,0.38490000,-1.22100000,-1.62400000,0.63120000,-0.70550000
24.30000000,0.88720000,0.38490000,-1.22100000,-1.62400000,0.63120000,-0.70550000
24.37000000,0.88720000,0.38490000,-1.22100000,-1.62400000,0.63120000,-0.70550000
24.40000000,0.88720000,0.38490000,-1.22100000,-1.62400000,0.63120000,-0.70550000
24.40000000,0.88720000,0.38490000,-1.22100000,-1.62400000,0.63120000,-0.70550000
24.49000000,0.88720000,0.38490000,-1.22100000,-1.62400000,0.63120000,-0.70550000
24.52000000,0.88720000,0.38490000,-1.22100000,-1.62400000,0.63120000,-0.70550000
24.52000000,0.88720000,0.38490000,-1.22100000,-1.62400000,0.63120000,-0.70550000
24.61000000,0.88720000,0.38490000,-1.22100000,-1.62400000,0.63120000,-0.70550000
24.64000000,0.88720000,0.38490000,-1.22100000,-1.62400000,0.63120000,-0.70550000
24.71000000,0.88720000,0.38490000,-1.22100000,-1.62400000,0.63120000,-0.70550000
24.71000000,0.88720000,0.38490000,-1.22100000,-1.62400000,0.63120000,-0.70550000
24.78000000,0.88720000,0.38490000,-1.22100000,-1.62400000,0.63120000,-0.70550000
24.78000000,0.88720000,0.38490000,-1.22100000,-1.62400000,0.63120000,-0.70550000
24.81000000,0.88720000,0.38490000,-1.22100000,-1.62400000,0.63120000,-0.70550000
24.88000000,0.88720000,0.38490000,-1.22100000,-1.62400000,0.63120000,-0.70550000
24.91000000,0.88720000,0.38490000,-1.22100000,-1.62400000,0.63120000,-0.70550000
24.91000000,0.88720000,0.38490000,-1.22100000,-1.62400000,0.63120000,-0.70550000
24.98000000,0.88720000,0.38490000,-1.22100000,-1.62400000,0.63120000,-0.70550000
25.04000000,0.88720000,0.38490000,-1.22100000,-1.62400000,0.63120000,-0.70550000
25.04000000,0.88720000,0.38490000,-1.22100000,-1.62400000,0.63120000,-0.70550000
25.11000000,0.88720000,0.38490000,-1.22100000,-1.62400000,0.63120000,-0.70550000
25.11000000,0.88720000,0.38490000,-1.22100000,-1.62400000,0.63120000,-0.70550000
25.23000000,0.88720000,0.38490000,-1.22100000,-1.62400000,0.63120000,-0.70550000
25.26000000,0.88720000,0.38490000,-1.22100000,-1.62400000,0.63120000,-0.70550000
25.29000000,0.88730000,0.38490000,-1.22100000,-1.62400000,0.63120000,-0.70550000
25.35000000,0.88730000,0.38490000,-1.22100000,-1.62400000,0.63120000,-0.70550000
25.35000000,0.88730000,0.38490000,-1.22100000,-1.62400000,0.63120000,-0.70550000
25.42000000,0.88720000,0.38490000,-1.22100000,-1.62400000,0.63120000,-0.70550000
25.45000000,0.88720000,0.38490000,-1.22100000,-1.62400000,0.63120000,-0.70550000
25.45000000,0.88720000,0.38490000,-1.22100000,-1.62400000,0.63120000,-0.70550000
25.52000000,0.88720000,0.38490000,-1.22100000,-1.62400000,0.63120000,-0.70550000
25.62000000,0.88720000,0.38490000,-1.22100000,-1.62400000,0.63120000,-0.70550000
25.62000000,0.88720000,0.38490000,-1.22100000,-1.62400000,0.63120000,-0.70550000
25.69000000,0.88730000,0.38490000,-1.22100000,-1.62400000,0.63120000,-0.70550000
25.72000000,0.88720000,0.38490000,-1.22100000,-1.62400000,0.63120000,-0.70550000
25.75000000,0.88720000,0.38490000,-1.22100000,-1.62400000,0.63120000,-0.70550000
25.81000000,0.88720000,0.38490000,-1.22100000,-1.62400000,0.63120000,-0.70550000
25.88000000,0.88720000,0.38490000,-1.22100000,-1.62400000,0.63120000,-0.70550000
25.91000000,0.88720000,0.38490000,-1.22100000,-1.62400000,0.63120000,-0.70550000
25.98000000,0.88720000,0.38490000,-1.22100000,-1.62400000,0.63120000,-0.70550000
25.98000000,0.88720000,0.38490000,-1.22100000,-1.62400000,0.63120000,-0.70550000
26.01000000,0.88720000,0.38490000,-1.22100000,-1.62400000,0.63120000,-0.70550000
26.10000000,0.88720000,0.38490000,-1.22100000,-1.62400000,0.63120000,-0.70550000
26.10000000,0.88720000,0.38490000,-1.22100000,-1.62400000,0.63120000,-0.70550000
26.17000000,0.88720000,0.38490000,-1.22100000,-1.62400000,0.63120000,-0.70550000
26.20000000,0.88730000,0.38490000,-1.22100000,-1.62400000,0.63120000,-0.70550000
26.27000000,0.88730000,0.38490000,-1.22100000,-1.62400000,0.63120000,-0.70550000
26.30000000,0.88730000,0.38490000,-1.22100000,-1.62400000,0.63120000,-0.70550000
26.36000000,0.88730000,0.38490000,-1.22100000,-1.62400000,0.63120000,-0.70550000
26.43000000,0.88730000,0.38490000,-1.22100000,-1.62400000,0.63120000,-0.70550000
26.46000000,0.88730000,0.38490000,-1.22100000,-1.62400000,0.63120000,-0.70550000
26.49000000,0.88730000,0.38490000,-1.22100000,-1.62400000,0.63120000,-0.70550000
26.55000000,0.88730000,0.38490000,-1.22100000,-1.62400000,0.63120000,-0.70550000
26.58000000,0.88730000,0.38490000,-1.22100000,-1.62400000,0.63120000,-0.70550000
26.68000000,0.88730000,0.38490000,-1.22100000,-1.62400000,0.63120000,-0.70550000
26.68000000,0.88730000,0.38490000,-1.22100000,-1.62400000,0.63120000,-0.70550000
26.75000000,0.88730000,0.38490000,-1.22100000,-1.62400000,0.63120000,-0.70550000
26.78000000,0.88730000,0.38490000,-1.22100000,-1.62400000,0.63120000,-0.70550000
26.81000000,0.88730000,0.38490000,-1.22100000,-1.62400000,0.63120000,-0.70550000
26.88000000,0.88730000,0.38490000,-1.22100000,-1.62400000,0.63120000,-0.70550000
26.88000000,0.88730000,0.38490000,-1.22100000,-1.62400000,0.63120000,-0.70550000
26.95000000,0.88730000,0.38490000,-1.22100000,-1.62400000,0.63120000,-0.70550000
26.98000000,0.88730000,0.38490000,-1.22100000,-1.62400000,0.63120000,-0.70550000
27.05000000,0.88730000,0.38490000,-1.22100000,-1.62400000,0.63120000,-0.70550000
27.05000000,0.88730000,0.38490000,-1.22100000,-1.62400000,0.63120000,-0.70550000
27.08000000,0.88730000,0.38490000,-1.22100000,-1.62400000,0.63120000,-0.70550000
27.17000000,0.88730000,0.38490000,-1.22100000,-1.62400000,0.63120000,-0.70550000
27.17000000,0.88720000,0.38490000,-1.22100000,-1.62400000,0.63120000,-0.70550000
27.25000000,0.88720000,0.38490000,-1.22100000,-1.62400000,0.63120000,-0.70550000
27.25000000,0.88720000,0.38490000,-1.22100000,-1.62400000,0.63120000,-0.70550000
27.28000000,0.88720000,0.38490000,-1.22100000,-1.62400000,0.63120000,-0.70550000
27.37000000,0.88720000,0.38490000,-1.22100000,-1.62400000,0.63120000,-0.70550000
27.37000000,0.88720000,0.38490000,-1.22100000,-1.62400000,0.63120000,-0.70550000
27.40000000,0.88720000,0.38490000,-1.22100000,-1.62400000,0.63120000,-0.70550000
27.50000000,0.88720000,0.38490000,-1.22100000,-1.62400000,0.63120000,-0.70550000
27.57000000,0.88720000,0.38490000,-1.22100000,-1.62400000,0.63120000,-0.70550000
27.63000000,0.88720000,0.38490000,-1.22100000,-1.62400000,0.63120000,-0.70550000
27.63000000,0.88720000,0.38490000,-1.22100000,-1.62400000,0.63120000,-0.70550000
27.66000000,0.88720000,0.38490000,-1.22100000,-1.62400000,0.63120000,-0.70550000
27.75000000,0.88720000,0.38490000,-1.22100000,-1.62400000,0.63120000,-0.70550000
27.75000000,0.88720000,0.38490000,-1.22100000,-1.62400000,0.63120000,-0.70550000
27.85000000,0.88720000,0.38490000,-1.22100000,-1.62400000,0.63120000,-0.70550000
27.91000000,0.88720000,0.38490000,-1.22100000,-1.62400000,0.63120000,-0.70550000
27.98000000,0.88720000,0.38490000,-1.22100000,-1.62400000,0.63120000,-0.70550000
27.98000000,0.88720000,0.38490000,-1.22100000,-1.62400000,0.63120000,-0.70550000
28.05000000,0.88720000,0.38490000,-1.22100000,-1.62400000,0.63120000,-0.70550000
28.05000000,0.88720000,0.38490000,-1.22100000,-1.62400000,0.63120000,-0.70550000
28.08000000,0.88720000,0.38490000,-1.22100000,-1.62400000,0.63120000,-0.70550000
28.17000000,0.88720000,0.38490000,-1.22100000,-1.62400000,0.63120000,-0.70550000
28.20000000,0.88720000,0.38490000,-1.22100000,-1.62400000,0.63120000,-0.70550000
28.23000000,0.88720000,0.38490000,-1.22100000,-1.62400000,0.63120000,-0.70550000
28.26000000,0.88720000,0.38490000,-1.22100000,-1.62400000,0.63120000,-0.70550000
28.34000000,0.88720000,0.38490000,-1.22100000,-1.62400000,0.63120000,-0.70550000
28.34000000,0.88720000,0.38490000,-1.22100000,-1.62400000,0.63120000,-0.70550000
28.41000000,0.88720000,0.38490000,-1.22100000,-1.62400000,0.63120000,-0.70550000
28.41000000,0.88720000,0.38490000,-1.22100000,-1.62400000,0.63120000,-0.70550000
28.44000000,0.88720000,0.38490000,-1.22100000,-1.62400000,0.63120000,-0.70550000
28.53000000,0.88720000,0.38490000,-1.22100000,-1.62400000,0.63120000,-0.70550000
28.53000000,0.88720000,0.38490000,-1.22100000,-1.62400000,0.63120000,-0.70550000
28.60000000,0.88720000,0.38490000,-1.22100000,-1.62400000,0.63120000,-0.70550000
28.63000000,0.88720000,0.38490000,-1.22100000,-1.62400000,0.63120000,-0.70550000
28.63000000,0.88720000,0.38490000,-1.22100000,-1.62400000,0.63120000,-0.70550000
28.72000000,0.88720000,0.38490000,-1.22100000,-1.62400000,0.63120000,-0.70550000
28.75000000,0.88720000,0.38490000,-1.22100000,-1.62400000,0.63120000,-0.70550000
28.82000000,0.88720000,0.38490000,-1.22100000,-1.62400000,0.63120000,-0.70550000
28.82000000,0.88720000,0.38490000,-1.22100000,-1.62400000,0.63120000,-0.70550000
28.89000000,0.88720000,0.38490000,-1.22100000,-1.62400000,0.63120000,-0.70550000
28.92000000,0.88720000,0.38490000,-1.22100000,-1.62400000,0.63120000,-0.70550000
28.95000000,0.88720000,0.38490000,-1.22100000,-1.62400000,0.63120000,-0.70550000
29.01000000,0.88720000,0.38490000,-1.22100000,-1.62400000,0.63120000,-0.70550000
29.04000000,0.88720000,0.38490000,-1.22100000,-1.62400000,0.63120000,-0.70550000
29.04000000,0.88720000,0.38490000,-1.22100000,-1.62400000,0.63120000,-0.70550000
29.14000000,0.88720000,0.38490000,-1.22100000,-1.62400000,0.63120000,-0.70550000
29.17000000,0.88720000,0.38490000,-1.22100000,-1.62400000,0.63120000,-0.70550000
29.20000000,0.88720000,0.38490000,-1.22100000,-1.62400000,0.63120000,-0.70550000
29.23000000,0.88720000,0.38490000,-1.22100000,-1.62400000,0.63120000,-0.70550000
29.30000000,0.88720000,0.38490000,-1.22100000,-1.62400000,0.63120000,-0.70550000
29.30000000,0.88720000,0.38490000,-1.22100000,-1.62400000,0.63120000,-0.70550000
29.37000000,0.88720000,0.38490000,-1.22100000,-1.62400000,0.63120000,-0.70550000
29.37000000,0.88720000,0.38490000,-1.22100000,-1.62400000,0.63120000,-0.70550000
29.49000000,0.88720000,0.38490000,-1.22100000,-1.62400000,0.63120000,-0.70550000
29.49000000,0.88720000,0.38490000,-1.22100000,-1.62400000,0.63120000,-0.70550000
29.55000000,0.88720000,0.38490000,-1.22100000,-1.62400000,0.63120000,-0.70550000
29.58000000,0.88720000,0.38490000,-1.22100000,-1.62400000,0.63120000,-0.70550000
29.62000000,0.88720000,0.38490000,-1.22100000,-1.62400000,0.63120000,-0.70550000
29.68000000,0.88720000,0.38490000,-1.22100000,-1.62400000,0.63120000,-0.70550000
29.71000000,0.88720000,0.38490000,-1.22100000,-1.62400000,0.63120000,-0.70550000
29.71000000,0.88720000,0.38490000,-1.22100000,-1.62400000,0.63120000,-0.70550000
29.77000000,0.88720000,0.38490000,-1.22100000,-1.62400000,0.63120000,-0.70550000
29.84000000,0.88720000,0.38490000,-1.22100000,-1.62400000,0.63120000,-0.70550000
29.84000000,0.88720000,0.38490000,-1.22100000,-1.62400000,0.63120000,-0.70550000
29.91000000,0.88720000,0.38490000,-1.22100000,-1.62400000,0.63120000,-0.70550000
29.91000000,0.88720000,0.38490000,-1.22100000,-1.62400000,0.63120000,-0.70550000
29.98000000,0.88720000,0.38490000,-1.22100000,-1.62400000,0.63120000,-0.70550000
30.01000000,0.88720000,0.38490000,-1.22100000,-1.62400000,0.63120000,-0.70550000
30.01000000,0.88720000,0.38490000,-1.22100000,-1.62400000,0.63120000,-0.70550000
30.08000000,0.88720000,0.38490000,-1.22100000,-1.62400000,0.63120000,-0.70550000
30.08000000,0.88720000,0.38490000,-1.22100000,-1.62400000,0.63120000,-0.70550000
30.15000000,0.88720000,0.38490000,-1.22100000,-1.62400000,0.63120000,-0.70550000
30.15000000,0.88720000,0.38490000,-1.22100000,-1.62400000,0.63120000,-0.70550000
30.18000000,0.88720000,0.38490000,-1.22100000,-1.62400000,0.63120000,-0.70550000
30.27000000,0.88720000,0.38490000,-1.22100000,-1.62400000,0.63120000,-0.70550000
30.30000000,0.88720000,0.38490000,-1.22100000,-1.62400000,0.63120000,-0.70550000
30.33000000,0.88720000,0.38490000,-1.22100000,-1.62400000,0.63120000,-0.70550000
30.36000000,0.88720000,0.38490000,-1.22100000,-1.62400000,0.63120000,-0.70550000
30.44000000,0.88720000,0.38490000,-1.22100000,-1.62400000,0.63120000,-0.70550000
30.47000000,0.88720000,0.38490000,-1.22100000,-1.62400000,0.63120000,-0.70550000
30.54000000,0.88720000,0.38490000,-1.22100000,-1.62400000,0.63120000,-0.70550000
30.54000000,0.88720000,0.38490000,-1.22100000,-1.62400000,0.63120000,-0.70550000
30.60000000,0.88720000,0.38490000,-1.22100000,-1.62400000,0.63120000,-0.70550000
30.66000000,0.88720000,0.38490000,-1.22100000,-1.62400000,0.63120000,-0.70550000
30.66000000,0.88720000,0.38490000,-1.22100000,-1.62400000,0.63120000,-0.70550000
30.69000000,0.88720000,0.38490000,-1.22100000,-1.62400000,0.63120000,-0.70550000
30.78000000,0.88720000,0.38490000,-1.22100000,-1.62400000,0.63120000,-0.70550000
30.78000000,0.88720000,0.38490000,-1.22100000,-1.62400000,0.63120000,-0.70550000
30.85000000,0.88720000,0.38490000,-1.22100000,-1.62400000,0.63120000,-0.70550000
30.94000000,0.88720000,0.38490000,-1.22100000,-1.62400000,0.63120000,-0.70550000
30.94000000,0.88720000,0.38490000,-1.22100000,-1.62400000,0.63120000,-0.70550000
31.01000000,0.88720000,0.38490000,-1.22100000,-1.62400000,0.63120000,-0.70550000
31.01000000,0.88720000,0.38490000,-1.22100000,-1.62400000,0.63120000,-0.70550000
31.04000000,0.88720000,0.38490000,-1.22100000,-1.62400000,0.63120000,-0.70550000
31.13000000,0.88720000,0.38490000,-1.22100000,-1.62400000,0.63120000,-0.70550000
31.13000000,0.88720000,0.38490000,-1.22100000,-1.62400000,0.63120000,-0.70550000
31.20000000,0.88720000,0.38490000,-1.22100000,-1.62400000,0.63120000,-0.70550000
31.20000000,0.88720000,0.38490000,-1.22100000,-1.62400000,0.63120000,-0.70550000
31.23000000,0.88720000,0.38490000,-1.22100000,-1.62400000,0.63120000,-0.70550000
31.29000000,0.88720000,0.38490000,-1.22100000,-1.62400000,0.63120000,-0.70550000
31.32000000,0.88720000,0.38490000,-1.22100000,-1.62400000,0.63120000,-0.70550000
31.35000000,0.88720000,0.38490000,-1.22100000,-1.62400000,0.63120000,-0.70550000
31.41000000,0.88720000,0.38490000,-1.22100000,-1.62400000,0.63120000,-0.70550000
31.44000000,0.88720000,0.38490000,-1.22100000,-1.62400000,0.63120000,-0.70550000
31.51000000,0.88720000,0.38490000,-1.22100000,-1.62400000,0.63120000,-0.70550000
31.54000000,0.88720000,0.38490000,-1.22100000,-1.62400000,0.63120000,-0.70550000
31.54000000,0.88720000,0.38490000,-1.22100000,-1.62400000,0.63120000,-0.70550000
31.61000000,0.88720000,0.38490000,-1.22100000,-1.62400000,0.63120000,-0.70550000
31.68000000,0.88720000,0.38490000,-1.22100000,-1.62400000,0.63120000,-0.70550000
31.68000000,0.88720000,0.38490000,-1.22100000,-1.62400000,0.63120000,-0.70550000
31.75000000,0.88720000,0.38490000,-1.22100000,-1.62400000,0.63120000,-0.70550000
31.78000000,0.88720000,0.38490000,-1.22100000,-1.62400000,0.63120000,-0.70550000
31.81000000,0.88720000,0.38490000,-1.22100000,-1.62400000,0.63120000,-0.70550000
31.87000000,0.88720000,0.38490000,-1.22100000,-1.62400000,0.63120000,-0.70550000
31.90000000,0.88720000,0.38490000,-1.22100000,-1.62400000,0.63120000,-0.70550000
31.93000000,0.88720000,0.38490000,-1.22100000,-1.62400000,0.63120000,-0.70550000
31.99000000,0.88720000,0.38490000,-1.22100000,-1.62400000,0.63120000,-0.70550000
32.02000000,0.88720000,0.38490000,-1.22100000,-1.62400000,0.63120000,-0.70550000
32.02000000,0.88720000,0.38490000,-1.22100000,-1.62400000,0.63120000,-0.70550000
32.09000000,0.88720000,0.38490000,-1.22100000,-1.62400000,0.63120000,-0.70550000
32.09000000,0.88720000,0.38490000,-1.22100000,-1.62400000,0.63120000,-0.70550000
32.16000000,0.88720000,0.38490000,-1.22100000,-1.62400000,0.63120000,-0.70550000
32.16000000,0.88720000,0.38490000,-1.22100000,-1.62400000,0.63120000,-0.70550000
32.28000000,0.88720000,0.38490000,-1.22100000,-1.62400000,0.63120000,-0.70550000
32.28000000,0.88720000,0.38490000,-1.22100000,-1.62400000,0.63120000,-0.70550000
32.31000000,0.88720000,0.38490000,-1.22100000,-1.62400000,0.63120000,-0.70550000
32.40000000,0.88720000,0.38490000,-1.22100000,-1.62400000,0.63120000,-0.70550000
32.40000000,0.88720000,0.38490000,-1.22100000,-1.62400000,0.63120000,-0.70550000
32.46000000,0.88720000,0.38490000,-1.22100000,-1.62400000,0.63120000,-0.70550000
32.49000000,0.88720000,0.38490000,-1.22100000,-1.62400000,0.63120000,-0.70550000
32.57000000,0.88720000,0.38490000,-1.22100000,-1.62400000,0.63120000,-0.70550000
32.57000000,0.88720000,0.38490000,-1.22100000,-1.62400000,0.63120000,-0.70550000
32.64000000,0.88720000,0.38490000,-1.22100000,-1.62400000,0.63120000,-0.70550000
32.64000000,0.88720000,0.38490000,-1.22100000,-1.62400000,0.63120000,-0.70550000
32.67000000,0.88720000,0.38490000,-1.22100000,-1.62400000,0.63120000,-0.70550000
32.73000000,0.88720000,0.38490000,-1.22100000,-1.62400000,0.63120000,-0.70550000
32.76000000,0.88720000,0.38490000,-1.22100000,-1.62400000,0.63120000,-0.70550000
32.83000000,0.88720000,0.38490000,-1.22100000,-1.62400000,0.63120000,-0.70550000
32.91000000,0.88720000,0.38490000,-1.22100000,-1.62400000,0.63120000,-0.70550000
32.91000000,0.88720000,0.38490000,-1.22100000,-1.62400000,0.63120000,-0.70550000
32.94000000,0.88720000,0.38490000,-1.22100000,-1.62400000,0.63120000,-0.70550000
33.00000000,0.88720000,0.38490000,-1.22100000,-1.62400000,0.63120000,-0.70550000
33.03000000,0.88720000,0.38490000,-1.22100000,-1.62400000,0.63120000,-0.70550000
33.06000000,0.88720000,0.38490000,-1.22100000,-1.62400000,0.63120000,-0.70550000
33.14000000,0.88720000,0.38490000,-1.22100000,-1.62400000,0.63120000,-0.70550000
33.17000000,0.88720000,0.38490000,-1.22100000,-1.62400000,0.63120000,-0.70550000
33.24000000,0.88720000,0.38490000,-1.22100000,-1.62400000,0.63120000,-0.70550000
33.24000000,0.88720000,0.38490000,-1.22100000,-1.62400000,0.63120000,-0.70550000
33.31000000,0.88720000,0.38490000,-1.22100000,-1.62400000,0.63120000,-0.70550000
33.34000000,0.88720000,0.38490000,-1.22100000,-1.62400000,0.63120000,-0.70550000
33.41000000,0.88720000,0.38490000,-1.22100000,-1.62400000,0.63120000,-0.70550000
33.41000000,0.88720000,0.38490000,-1.22100000,-1.62400000,0.63120000,-0.70550000
33.48000000,0.88720000,0.38490000,-1.22100000,-1.62400000,0.63120000,-0.70550000
33.51000000,0.88720000,0.38490000,-1.22100000,-1.62400000,0.63120000,-0.70550000
33.54000000,0.88720000,0.38490000,-1.22100000,-1.62400000,0.63120000,-0.70550000
33.57000000,0.88720000,0.38490000,-1.22100000,-1.62400000,0.63120000,-0.70550000
33.69000000,0.88720000,0.38490000,-1.22100000,-1.62400000,0.63120000,-0.70550000
33.69000000,0.88720000,0.38490000,-1.22100000,-1.62400000,0.63120000,-0.70550000
33.76000000,0.88720000,0.38490000,-1.22100000,-1.62400000,0.63120000,-0.70550000
33.79000000,0.88720000,0.38490000,-1.22100000,-1.62400000,0.63120000,-0.70550000
33.82000000,0.88720000,0.38490000,-1.22100000,-1.62400000,0.63120000,-0.70550000
33.85000000,0.88720000,0.38490000,-1.22100000,-1.62400000,0.63120000,-0.70550000
33.92000000,0.88720000,0.38490000,-1.22100000,-1.62400000,0.63120000,-0.70550000
33.92000000,0.88720000,0.38490000,-1.22100000,-1.62400000,0.63120000,-0.70550000
33.99000000,0.88720000,0.38490000,-1.22100000,-1.62400000,0.63120000,-0.70550000
33.99000000,0.88720000,0.38490000,-1.22100000,-1.62400000,0.63120000,-0.70550000
34.06000000,0.88720000,0.38490000,-1.22100000,-1.62400000,0.63120000,-0.70550000
34.09000000,0.88720000,0.38490000,-1.22100000,-1.62400000,0.63120000,-0.70550000
34.09000000,0.88720000,0.38490000,-1.22100000,-1.62400000,0.63120000,-0.70550000
34.16000000,0.88720000,0.38490000,-1.22100000,-1.62400000,0.63120000,-0.70550000
34.23000000,0.88720000,0.38490000,-1.22100000,-1.62400000,0.63120000,-0.70550000
34.23000000,0.88720000,0.38490000,-1.22100000,-1.62400000,0.63120000,-0.70550000
34.26000000,0.88720000,0.38490000,-1.22100000,-1.62400000,0.63120000,-0.70550000
34.32000000,0.88720000,0.38490000,-1.22100000,-1.62400000,0.63120000,-0.70550000
34.35000000,0.88720000,0.38490000,-1.22100000,-1.62400000,0.63120000,-0.70550000
34.38000000,0.88720000,0.38490000,-1.22100000,-1.62400000,0.63120000,-0.70550000
34.44000000,0.88720000,0.38490000,-1.22100000,-1.62400000,0.63120000,-0.70550000
34.47000000,0.88720000,0.38490000,-1.22100000,-1.62400000,0.63120000,-0.70550000
34.53000000,0.88720000,0.38490000,-1.22100000,-1.62400000,0.63120000,-0.70550000
34.53000000,0.88720000,0.38490000,-1.22100000,-1.62400000,0.63120000,-0.70550000
34.56000000,0.88720000,0.38490000,-1.22100000,-1.62400000,0.63120000,-0.70550000
34.65000000,0.88720000,0.38490000,-1.22100000,-1.62400000,0.63120000,-0.70550000
34.65000000,0.88720000,0.38490000,-1.22100000,-1.62400000,0.63120000,-0.70550000
34.75000000,0.88720000,0.38490000,-1.22100000,-1.62400000,0.63120000,-0.70550000
34.75000000,0.88720000,0.38490000,-1.22100000,-1.62400000,0.63120000,-0.70550000
34.83000000,0.88720000,0.38490000,-1.22100000,-1.62400000,0.63120000,-0.70550000
34.83000000,0.88720000,0.38490000,-1.22100000,-1.62400000,0.63120000,-0.70550000
34.92000000,0.88720000,0.38490000,-1.22100000,-1.62400000,0.63120000,-0.70550000
34.92000000,0.88720000,0.38490000,-1.22100000,-1.62400000,0.63120000,-0.70550000
35.02000000,0.88720000,0.38490000,-1.22100000,-1.62400000,0.63120000,-0.70550000
35.02000000,0.88710000,0.38490000,-1.22100000,-1.62400000,0.63120000,-0.70550000
35.09000000,0.88700000,0.38490000,-1.22100000,-1.62400000,0.63120000,-0.70550000
35.09000000,0.88690000,0.38490000,-1.22100000,-1.62400000,0.63120000,-0.70550000
35.16000000,0.88690000,0.38490000,-1.22100000,-1.62400000,0.63120000,-0.70550000
35.16000000,0.88680000,0.38500000,-1.22100000,-1.62400000,0.63120000,-0.70550000
35.28000000,0.88680000,0.38500000,-1.22100000,-1.62400000,0.63110000,-0.70550000
35.28000000,0.88680000,0.38500000,-1.22100000,-1.62400000,0.63110000,-0.70550000
35.35000000,0.88680000,0.38490000,-1.22100000,-1.62400000,0.63110000,-0.70550000
35.38000000,0.88690000,0.38490000,-1.22100000,-1.62400000,0.63110000,-0.70550000
35.49000000,0.88690000,0.38490000,-1.22100000,-1.62400000,0.63110000,-0.70550000
35.52000000,0.88690000,0.38490000,-1.22100000,-1.62400000,0.63110000,-0.70550000
35.55000000,0.88690000,0.38490000,-1.22100000,-1.62400000,0.63110000,-0.70550000
35.73000000,0.88690000,0.38490000,-1.22100000,-1.62400000,0.63110000,-0.70550000
35.76000000,0.88690000,0.38490000,-1.22100000,-1.62400000,0.63110000,-0.70550000
35.83000000,0.88690000,0.38490000,-1.22100000,-1.62400000,0.63110000,-0.70550000
35.86000000,0.88690000,0.38490000,-1.22100000,-1.62400000,0.63110000,-0.70550000
35.93000000,0.88690000,0.38490000,-1.22100000,-1.62400000,0.63110000,-0.70550000
35.93000000,0.88690000,0.38490000,-1.22100000,-1.62400000,0.63110000,-0.70550000
36.01000000,0.88690000,0.38490000,-1.22100000,-1.62400000,0.63110000,-0.70550000
36.04000000,0.88690000,0.38490000,-1.22100000,-1.62400000,0.63110000,-0.70550000
36.07000000,0.88690000,0.38490000,-1.22100000,-1.62400000,0.63110000,-0.70550000
36.10000000,0.88690000,0.38490000,-1.22100000,-1.62400000,0.63110000,-0.70550000
36.17000000,0.88690000,0.38490000,-1.22100000,-1.62400000,0.63110000,-0.70550000
36.17000000,0.88690000,0.38490000,-1.22100000,-1.62400000,0.63110000,-0.70550000
36.27000000,0.88690000,0.38490000,-1.22100000,-1.62400000,0.63110000,-0.70550000
36.27000000,0.88690000,0.38490000,-1.22100000,-1.62400000,0.63110000,-0.70550000
36.37000000,0.88690000,0.38490000,-1.22100000,-1.62400000,0.63110000,-0.70550000
36.37000000,0.88680000,0.38500000,-1.22100000,-1.62400000,0.63110000,-0.70550000
36.44000000,0.88680000,0.38500000,-1.22100000,-1.62400000,0.63110000,-0.70550000
36.54000000,0.88690000,0.38500000,-1.22100000,-1.62400000,0.63110000,-0.70550000
36.60000000,0.88690000,0.38490000,-1.22100000,-1.62400000,0.63110000,-0.70550000
36.66000000,0.88690000,0.38490000,-1.22100000,-1.62400000,0.63110000,-0.70550000
36.69000000,0.88690000,0.38490000,-1.22100000,-1.62400000,0.63110000,-0.70550000
36.75000000,0.88700000,0.38490000,-1.22100000,-1.62400000,0.63110000,-0.70550000
36.75000000,0.88690000,0.38490000,-1.22100000,-1.62400000,0.63110000,-0.70550000
36.92000000,0.88700000,0.38490000,-1.22100000,-1.62400000,0.63110000,-0.70550000
36.95000000,0.88700000,0.38490000,-1.22100000,-1.62400000,0.63110000,-0.70550000
36.98000000,0.88700000,0.38490000,-1.22100000,-1.62400000,0.63110000,-0.70550000
37.05000000,0.88700000,0.38490000,-1.22100000,-1.62400000,0.63110000,-0.70550000
37.08000000,0.88700000,0.38490000,-1.22100000,-1.62400000,0.63110000,-0.70550000
37.14000000,0.88700000,0.38490000,-1.22100000,-1.62400000,0.63110000,-0.70550000
37.17000000,0.88710000,0.38490000,-1.22100000,-1.62400000,0.63110000,-0.70550000
37.29000000,0.88710000,0.38490000,-1.22100000,-1.62400000,0.63110000,-0.70550000
37.35000000,0.88710000,0.38490000,-1.22100000,-1.62400000,0.63120000,-0.70550000
37.38000000,0.88710000,0.38490000,-1.22100000,-1.62400000,0.63120000,-0.70550000
37.44000000,0.88720000,0.38490000,-1.22100000,-1.62400000,0.63120000,-0.70550000
37.47000000,0.88720000,0.38490000,-1.22100000,-1.62400000,0.63120000,-0.70550000
37.53000000,0.88720000,0.38490000,-1.22100000,-1.62400000,0.63120000,-0.70550000
37.53000000,0.88720000,0.38490000,-1.22100000,-1.62400000,0.63120000,-0.70550000
37.61000000,0.88720000,0.38490000,-1.22100000,-1.62400000,0.63120000,-0.70550000
37.64000000,0.88720000,0.38490000,-1.22100000,-1.62400000,0.63120000,-0.70550000
37.71000000,0.88720000,0.38490000,-1.22100000,-1.62400000,0.63120000,-0.70550000
37.77000000,0.88720000,0.38490000,-1.22100000,-1.62400000,0.63110000,-0.70550000
37.77000000,0.88720000,0.38490000,-1.22100000,-1.62400000,0.63110000,-0.70550000
37.92000000,0.88720000,0.38490000,-1.22100000,-1.62400000,0.63110000,-0.70550000
37.92000000,0.88720000,0.38490000,-1.22100000,-1.62400000,0.63110000,-0.70550000
38.02000000,0.88710000,0.38490000,-1.22100000,-1.62400000,0.63110000,-0.70550000
38.02000000,0.88720000,0.38490000,-1.22100000,-1.62400000,0.63110000,-0.70550000
38.10000000,0.88720000,0.38490000,-1.22100000,-1.62400000,0.63120000,-0.70550000
38.13000000,0.88720000,0.38490000,-1.22100000,-1.62400000,0.63120000,-0.70550000
38.16000000,0.88720000,0.38490000,-1.22100000,-1.62400000,0.63110000,-0.70550000
38.25000000,0.88720000,0.38490000,-1.22100000,-1.62400000,0.63110000,-0.70550000
38.25000000,0.88720000,0.38490000,-1.22100000,-1.62400000,0.63110000,-0.70550000
38.28000000,0.88720000,0.38490000,-1.22100000,-1.62400000,0.63110000,-0.70550000
38.37000000,0.88720000,0.38490000,-1.22100000,-1.62400000,0.63110000,-0.70550000
38.37000000,0.88720000,0.38490000,-1.22100000,-1.62400000,0.63110000,-0.70550000
38.43000000,0.88720000,0.38490000,-1.22100000,-1.62400000,0.63110000,-0.70550000
38.49000000,0.88720000,0.38490000,-1.22100000,-1.62400000,0.63120000,-0.70550000
38.52000000,0.88720000,0.38490000,-1.22100000,-1.62400000,0.63120000,-0.70550000
38.61000000,0.88720000,0.38490000,-1.22100000,-1.62400000,0.63120000,-0.70550000
38.64000000,0.88720000,0.38490000,-1.22100000,-1.62400000,0.63120000,-0.70550000
38.71000000,0.88720000,0.38490000,-1.22100000,-1.62400000,0.63120000,-0.70550000
38.74000000,0.88720000,0.38490000,-1.22100000,-1.62400000,0.63120000,-0.70550000
38.74000000,0.88720000,0.38490000,-1.22100000,-1.62400000,0.63120000,-0.70550000
38.81000000,0.88720000,0.38490000,-1.22100000,-1.62400000,0.63120000,-0.70550000
38.87000000,0.88720000,0.38490000,-1.22100000,-1.62400000,0.63120000,-0.70550000
38.97000000,0.88720000,0.38490000,-1.22100000,-1.62400000,0.63120000,-0.70550000
39.04000000,0.88720000,0.38490000,-1.22100000,-1.62400000,0.63120000,-0.70550000
39.07000000,0.88720000,0.38490000,-1.22100000,-1.62400000,0.63120000,-0.70550000
39.07000000,0.88720000,0.38490000,-1.22100000,-1.62400000,0.63120000,-0.70550000
39.16000000,0.88720000,0.38490000,-1.22100000,-1.62400000,0.63120000,-0.70550000
39.19000000,0.88720000,0.38490000,-1.22100000,-1.62400000,0.63120000,-0.70550000
39.22000000,0.88720000,0.38490000,-1.22100000,-1.62400000,0.63120000,-0.70550000
39.28000000,0.88720000,0.38490000,-1.22100000,-1.62400000,0.63120000,-0.70550000
39.31000000,0.88720000,0.38490000,-1.22100000,-1.62400000,0.63120000,-0.70550000
39.31000000,0.88720000,0.38490000,-1.22100000,-1.62400000,0.63120000,-0.70550000
39.38000000,0.88720000,0.38490000,-1.22100000,-1.62400000,0.63120000,-0.70550000
39.45000000,0.88720000,0.38490000,-1.22100000,-1.62400000,0.63120000,-0.70550000
39.48000000,0.88720000,0.38490000,-1.22100000,-1.62400000,0.63120000,-0.70550000
39.51000000,0.88720000,0.38490000,-1.22100000,-1.62400000,0.63120000,-0.70550000
39.57000000,0.88720000,0.38490000,-1.22100000,-1.62400000,0.63120000,-0.70550000
39.57000000,0.88720000,0.38490000,-1.22100000,-1.62400000,0.63120000,-0.70550000
39.69000000,0.88720000,0.38490000,-1.22100000,-1.62400000,0.63120000,-0.70550000
39.69000000,0.88720000,0.38490000,-1.22100000,-1.62400000,0.63120000,-0.70550000
39.76000000,0.88710000,0.38490000,-1.22100000,-1.62400000,0.63120000,-0.70550000
39.79000000,0.88710000,0.38490000,-1.22100000,-1.62400000,0.63120000,-0.70550000
39.82000000,0.88710000,0.38490000,-1.22100000,-1.62400000,0.63120000,-0.70550000
39.88000000,0.88710000,0.38490000,-1.22100000,-1.62400000,0.63120000,-0.70550000
39.91000000,0.88710000,0.38490000,-1.22100000,-1.62400000,0.63120000,-0.70550000
39.98000000,0.88710000,0.38490000,-1.22100000,-1.62400000,0.63120000,-0.70550000
40.08000000,0.88710000,0.38490000,-1.22100000,-1.62400000,0.63120000,-0.70550000
40.11000000,0.88710000,0.38490000,-1.22100000,-1.62400000,0.63120000,-0.70550000
40.14000000,0.88710000,0.38490000,-1.22100000,-1.62400000,0.63120000,-0.70550000
40.24000000,0.88710000,0.38490000,-1.22100000,-1.62400000,0.63120000,-0.70550000
40.36000000,0.88710000,0.38490000,-1.22100000,-1.62400000,0.63120000,-0.70550000
40.36000000,0.88710000,0.38490000,-1.22100000,-1.62400000,0.63120000,-0.70550000
40.42000000,0.88710000,0.38490000,-1.22100000,-1.62400000,0.63120000,-0.70550000
40.54000000,0.88710000,0.38490000,-1.22100000,-1.62400000,0.63120000,-0.70550000
40.57000000,0.88710000,0.38490000,-1.22100000,-1.62400000,0.63120000,-0.70550000
40.64000000,0.88700000,0.38490000,-1.22100000,-1.62400000,0.63120000,-0.70550000
40.64000000,0.88700000,0.38490000,-1.22100000,-1.62400000,0.63120000,-0.70550000
40.71000000,0.88700000,0.38490000,-1.22100000,-1.62400000,0.63120000,-0.70550000
40.71000000,0.88700000,0.38490000,-1.22100000,-1.62400000,0.63120000,-0.70550000
40.82000000,0.88700000,0.38490000,-1.22100000,-1.62400000,0.63120000,-0.70550000
40.82000000,0.88700000,0.38490000,-1.22100000,-1.62400000,0.63120000,-0.70550000
40.93000000,0.88700000,0.38490000,-1.22100000,-1.62400000,0.63120000,-0.70550000
40.96000000,0.88710000,0.38490000,-1.22100000,-1.62400000,0.63120000,-0.70550000
40.96000000,0.88710000,0.38490000,-1.22100000,-1.62400000,0.63120000,-0.70550000
41.02000000,0.88710000,0.38490000,-1.22100000,-1.62400000,0.63120000,-0.70550000
41.09000000,0.88710000,0.38490000,-1.22100000,-1.62400000,0.63120000,-0.70550000
41.09000000,0.88710000,0.38490000,-1.22100000,-1.62400000,0.63120000,-0.70550000
41.16000000,0.88710000,0.38490000,-1.22100000,-1.62400000,0.63120000,-0.70550000
41.16000000,0.88710000,0.38490000,-1.22100000,-1.62400000,0.63120000,-0.70550000
41.26000000,0.88710000,0.38490000,-1.22100000,-1.62400000,0.63120000,-0.70550000
41.26000000,0.88710000,0.38490000,-1.22100000,-1.62400000,0.63120000,-0.70550000
41.34000000,0.88700000,0.38490000,-1.22100000,-1.62400000,0.63120000,-0.70550000
41.34000000,0.88710000,0.38490000,-1.22100000,-1.62400000,0.63120000,-0.70550000
41.41000000,0.88700000,0.38490000,-1.22100000,-1.62400000,0.63120000,-0.70550000
41.44000000,0.88710000,0.38490000,-1.22100000,-1.62400000,0.63120000,-0.70550000
41.44000000,0.88710000,0.38490000,-1.22100000,-1.62400000,0.63120000,-0.70550000
41.51000000,0.88710000,0.38490000,-1.22100000,-1.62400000,0.63120000,-0.70550000
41.51000000,0.88710000,0.38490000,-1.22100000,-1.62400000,0.63120000,-0.70550000
41.58000000,0.88710000,0.38490000,-1.22100000,-1.62400000,0.63120000,-0.70550000
41.58000000,0.88710000,0.38490000,-1.22100000,-1.62400000,0.63120000,-0.70550000
41.65000000,0.88710000,0.38490000,-1.22100000,-1.62400000,0.63120000,-0.70550000
41.68000000,0.88710000,0.38490000,-1.22100000,-1.62400000,0.63120000,-0.70550000
41.68000000,0.88710000,0.38490000,-1.22100000,-1.62400000,0.63120000,-0.70550000
41.75000000,0.88710000,0.38490000,-1.22100000,-1.62400000,0.63120000,-0.70550000
41.81000000,0.88710000,0.38490000,-1.22100000,-1.62400000,0.63120000,-0.70550000
41.81000000,0.88710000,0.38490000,-1.22100000,-1.62400000,0.63120000,-0.70550000
41.88000000,0.88710000,0.38490000,-1.22100000,-1.62400000,0.63120000,-0.70550000
41.88000000,0.88710000,0.38490000,-1.22100000,-1.62400000,0.63120000,-0.70550000
41.91000000,0.88710000,0.38490000,-1.22100000,-1.62400000,0.63120000,-0.70550000
41.99000000,0.88710000,0.38490000,-1.22100000,-1.62400000,0.63120000,-0.70550000
41.99000000,0.88710000,0.38490000,-1.22100000,-1.62400000,0.63120000,-0.70550000
42.09000000,0.88710000,0.38490000,-1.22100000,-1.62400000,0.63120000,-0.70550000
42.09000000,0.88710000,0.38490000,-1.22100000,-1.62400000,0.63120000,-0.70550000
42.16000000,0.88710000,0.38490000,-1.22100000,-1.62400000,0.63120000,-0.70550000
42.19000000,0.88710000,0.38490000,-1.22100000,-1.62400000,0.63120000,-0.70550000
42.19000000,0.88700000,0.38490000,-1.22100000,-1.62400000,0.63120000,-0.70550000
42.28000000,0.88700000,0.38490000,-1.22100000,-1.62400000,0.63120000,-0.70550000
42.31000000,0.88700000,0.38490000,-1.22100000,-1.62400000,0.63120000,-0.70550000
42.42000000,0.88710000,0.38490000,-1.22100000,-1.62400000,0.63120000,-0.70550000
42.42000000,0.88710000,0.38490000,-1.22100000,-1.62400000,0.63120000,-0.70550000
42.45000000,0.88710000,0.38490000,-1.22100000,-1.62400000,0.63120000,-0.70550000
42.48000000,0.88710000,0.38490000,-1.22100000,-1.62400000,0.63120000,-0.70550000
42.54000000,0.88710000,0.38490000,-1.22100000,-1.62400000,0.63120000,-0.70550000
42.60000000,0.88710000,0.38490000,-1.22100000,-1.62400000,0.63120000,-0.70550000
42.63000000,0.88710000,0.38490000,-1.22100000,-1.62400000,0.63120000,-0.70550000
42.66000000,0.88710000,0.38490000,-1.22100000,-1.62400000,0.63120000,-0.70550000
42.72000000,0.88710000,0.38490000,-1.22100000,-1.62400000,0.63120000,-0.70550000
42.75000000,0.88720000,0.38490000,-1.22100000,-1.62400000,0.63120000,-0.70550000
42.78000000,0.88720000,0.38490000,-1.22100000,-1.62400000,0.63120000,-0.70550000
42.81000000,0.88720000,0.38490000,-1.22100000,-1.62400000,0.63120000,-0.70550000
42.89000000,0.88720000,0.38490000,-1.22100000,-1.62400000,0.63120000,-0.70550000
42.92000000,0.88720000,0.38490000,-1.22100000,-1.62400000,0.63120000,-0.70550000
42.99000000,0.88710000,0.38490000,-1.22100000,-1.62400000,0.63120000,-0.70550000
43.05000000,0.88710000,0.38490000,-1.22100000,-1.62400000,0.63120000,-0.70550000
43.08000000,0.88710000,0.38490000,-1.22100000,-1.62400000,0.63120000,-0.70550000
43.08000000,0.88710000,0.38490000,-1.22100000,-1.62400000,0.63120000,-0.70550000
43.20000000,0.88710000,0.38490000,-1.22100000,-1.62400000,0.63120000,-0.70550000
43.20000000,0.88710000,0.38490000,-1.22100000,-1.62400000,0.63120000,-0.70550000
43.23000000,0.88710000,0.38490000,-1.22100000,-1.62400000,0.63120000,-0.70550000
43.33000000,0.88710000,0.38490000,-1.22100000,-1.62400000,0.63120000,-0.70550000
43.33000000,0.88710000,0.38490000,-1.22100000,-1.62400000,0.63120000,-0.70550000
43.40000000,0.88720000,0.38490000,-1.22100000,-1.62400000,0.63120000,-0.70550000
43.50000000,0.88720000,0.38490000,-1.22100000,-1.62400000,0.63120000,-0.70550000
43.50000000,0.88720000,0.38490000,-1.22100000,-1.62400000,0.63120000,-0.70550000
43.56000000,0.88720000,0.38490000,-1.22100000,-1.62400000,0.63120000,-0.70550000
43.59000000,0.88720000,0.38490000,-1.22100000,-1.62400000,0.63120000,-0.70550000
43.59000000,0.88720000,0.38490000,-1.22100000,-1.62400000,0.63120000,-0.70550000
43.68000000,0.88720000,0.38490000,-1.22100000,-1.62400000,0.63120000,-0.70550000
43.71000000,0.88720000,0.38490000,-1.22100000,-1.62400000,0.63120000,-0.70550000
43.74000000,0.88720000,0.38490000,-1.22100000,-1.62400000,0.63120000,-0.70550000
43.79000000,0.88720000,0.38490000,-1.22100000,-1.62400000,0.63120000,-0.70550000
43.85000000,0.88720000,0.38490000,-1.22100000,-1.62400000,0.63120000,-0.70550000
43.85000000,0.88720000,0.38490000,-1.22100000,-1.62400000,0.63120000,-0.70550000
43.98000000,0.88710000,0.38490000,-1.22100000,-1.62400000,0.63120000,-0.70550000
43.98000000,0.88720000,0.38490000,-1.22100000,-1.62400000,0.63120000,-0.70550000
44.04000000,0.88730000,0.38490000,-1.22100000,-1.62400000,0.63120000,-0.70550000
44.04000000,0.88730000,0.38490000,-1.22100000,-1.62400000,0.63120000,-0.70550000
44.07000000,0.88740000,0.38490000,-1.22100000,-1.62400000,0.63120000,-0.70550000
44.13000000,0.88740000,0.38480000,-1.22100000,-1.62400000,0.63120000,-0.70550000
44.16000000,0.88740000,0.38480000,-1.22100000,-1.62400000,0.63120000,-0.70550000
44.19000000,0.88750000,0.38480000,-1.22100000,-1.62400000,0.63120000,-0.70550000
44.25000000,0.88750000,0.38480000,-1.22100000,-1.62400000,0.63120000,-0.70550000
44.28000000,0.88750000,0.38480000,-1.22100000,-1.62400000,0.63120000,-0.70550000
44.35000000,0.88750000,0.38480000,-1.22100000,-1.62400000,0.63120000,-0.70550000
44.38000000,0.88750000,0.38480000,-1.22100000,-1.62400000,0.63120000,-0.70550000
44.38000000,0.88750000,0.38480000,-1.22100000,-1.62400000,0.63120000,-0.70550000
44.45000000,0.88750000,0.38480000,-1.22100000,-1.62400000,0.63120000,-0.70550000
44.52000000,0.88750000,0.38480000,-1.22100000,-1.62400000,0.63120000,-0.70550000
44.52000000,0.88750000,0.38480000,-1.22100000,-1.62400000,0.63120000,-0.70550000
44.63000000,0.88750000,0.38480000,-1.22100000,-1.62400000,0.63120000,-0.70550000
44.63000000,0.88750000,0.38480000,-1.22100000,-1.62400000,0.63120000,-0.70550000
44.73000000,0.88750000,0.38480000,-1.22100000,-1.62400000,0.63120000,-0.70550000
44.73000000,0.88750000,0.38480000,-1.22100000,-1.62400000,0.63120000,-0.70550000
44.80000000,0.88750000,0.38480000,-1.22100000,-1.62400000,0.63120000,-0.70550000
44.83000000,0.88750000,0.38480000,-1.22100000,-1.62400000,0.63120000,-0.70550000
44.86000000,0.88750000,0.38480000,-1.22100000,-1.62400000,0.63120000,-0.70550000
44.94000000,0.88750000,0.38480000,-1.22100000,-1.62400000,0.63120000,-0.70550000
45.00000000,0.88750000,0.38480000,-1.22100000,-1.62400000,0.63120000,-0.70550000
45.00000000,0.88750000,0.38480000,-1.22100000,-1.62400000,0.63120000,-0.70550000
45.03000000,0.88750000,0.38480000,-1.22100000,-1.62400000,0.63120000,-0.70550000
45.09000000,0.88750000,0.38480000,-1.22100000,-1.62400000,0.63120000,-0.70550000
45.12000000,0.88750000,0.38480000,-1.22100000,-1.62400000,0.63120000,-0.70550000
45.15000000,0.88750000,0.38480000,-1.22100000,-1.62400000,0.63120000,-0.70550000
45.23000000,0.88750000,0.38480000,-1.22100000,-1.62400000,0.63120000,-0.70550000
45.26000000,0.88750000,0.38480000,-1.22100000,-1.62400000,0.63120000,-0.70550000
45.33000000,0.88750000,0.38480000,-1.22100000,-1.62400000,0.63120000,-0.70550000
45.33000000,0.88750000,0.38480000,-1.22100000,-1.62400000,0.63120000,-0.70550000
45.40000000,0.88750000,0.38480000,-1.22100000,-1.62400000,0.63120000,-0.70550000
45.43000000,0.88750000,0.38480000,-1.22100000,-1.62400000,0.63120000,-0.70550000
45.50000000,0.88750000,0.38480000,-1.22100000,-1.62400000,0.63120000,-0.70550000
45.50000000,0.88750000,0.38480000,-1.22100000,-1.62400000,0.63120000,-0.70550000
45.57000000,0.88750000,0.38480000,-1.22100000,-1.62400000,0.63120000,-0.70550000
45.60000000,0.88750000,0.38480000,-1.22100000,-1.62400000,0.63120000,-0.70550000
45.63000000,0.88760000,0.38480000,-1.22100000,-1.62400000,0.63120000,-0.70550000
45.70000000,0.88760000,0.38480000,-1.22100000,-1.62400000,0.63120000,-0.70550000
45.73000000,0.88750000,0.38480000,-1.22100000,-1.62400000,0.63120000,-0.70550000
45.73000000,0.88760000,0.38480000,-1.22100000,-1.62400000,0.63120000,-0.70550000
45.80000000,0.88750000,0.38480000,-1.22100000,-1.62400000,0.63120000,-0.70550000
45.83000000,0.88750000,0.38480000,-1.22100000,-1.62400000,0.63120000,-0.70550000
45.97000000,0.88750000,0.38480000,-1.22100000,-1.62400000,0.63120000,-0.70550000
45.97000000,0.88750000,0.38480000,-1.22100000,-1.62400000,0.63120000,-0.70550000
46.04000000,0.88750000,0.38480000,-1.22100000,-1.62400000,0.63120000,-0.70550000
46.04000000,0.88750000,0.38480000,-1.22100000,-1.62400000,0.63120000,-0.70550000
46.11000000,0.88750000,0.38480000,-1.22100000,-1.62400000,0.63120000,-0.70550000
46.11000000,0.88750000,0.38480000,-1.22100000,-1.62400000,0.63120000,-0.70550000
46.18000000,0.88750000,0.38480000,-1.22100000,-1.62400000,0.63120000,-0.70550000
46.21000000,0.88750000,0.38480000,-1.22100000,-1.62400000,0.63120000,-0.70550000
46.21000000,0.88750000,0.38480000,-1.22100000,-1.62400000,0.63120000,-0.70550000
46.30000000,0.88750000,0.38480000,-1.22100000,-1.62400000,0.63120000,-0.70550000
46.33000000,0.88750000,0.38480000,-1.22100000,-1.62400000,0.63120000,-0.70550000
46.33000000,0.88750000,0.38480000,-1.22100000,-1.62400000,0.63120000,-0.70550000
46.40000000,0.88750000,0.38480000,-1.22100000,-1.62400000,0.63120000,-0.70550000
46.40000000,0.88750000,0.38480000,-1.22100000,-1.62400000,0.63120000,-0.70550000
46.47000000,0.88750000,0.38480000,-1.22100000,-1.62400000,0.63120000,-0.70550000
46.47000000,0.88750000,0.38480000,-1.22100000,-1.62400000,0.63120000,-0.70550000
46.57000000,0.88750000,0.38480000,-1.22100000,-1.62400000,0.63120000,-0.70550000
46.57000000,0.88750000,0.38480000,-1.22100000,-1.62400000,0.63120000,-0.70550000
46.64000000,0.88760000,0.38480000,-1.22100000,-1.62400000,0.63120000,-0.70550000
46.64000000,0.88750000,0.38480000,-1.22100000,-1.62400000,0.63120000,-0.70550000
46.71000000,0.88760000,0.38480000,-1.22100000,-1.62400000,0.63120000,-0.70550000
46.71000000,0.88760000,0.38480000,-1.22100000,-1.62400000,0.63120000,-0.70550000
46.84000000,0.88760000,0.38480000,-1.22100000,-1.62400000,0.63120000,-0.70550000
46.94000000,0.88760000,0.38480000,-1.22100000,-1.62400000,0.63120000,-0.70550000
46.97000000,0.88760000,0.38480000,-1.22100000,-1.62400000,0.63120000,-0.70550000
47.04000000,0.88760000,0.38480000,-1.22100000,-1.62400000,0.63120000,-0.70550000
47.07000000,0.88760000,0.38480000,-1.22100000,-1.62400000,0.63120000,-0.70550000
47.14000000,0.88760000,0.38480000,-1.22100000,-1.62400000,0.63120000,-0.70550000
47.17000000,0.88760000,0.38480000,-1.22100000,-1.62400000,0.63120000,-0.70550000
47.24000000,0.88760000,0.38480000,-1.22100000,-1.62400000,0.63120000,-0.70550000
47.34000000,0.88760000,0.38480000,-1.22100000,-1.62400000,0.63120000,-0.70550000
47.34000000,0.88760000,0.38480000,-1.22100000,-1.62400000,0.63120000,-0.70550000
47.41000000,0.88760000,0.38480000,-1.22100000,-1.62400000,0.63120000,-0.70550000
47.44000000,0.88760000,0.38480000,-1.22100000,-1.62400000,0.63120000,-0.70550000
47.44000000,0.88760000,0.38480000,-1.22100000,-1.62400000,0.63120000,-0.70550000
47.53000000,0.88760000,0.38480000,-1.22100000,-1.62400000,0.63120000,-0.70550000
47.56000000,0.88760000,0.38480000,-1.22100000,-1.62400000,0.63120000,-0.70550000
47.59000000,0.88760000,0.38480000,-1.22100000,-1.62400000,0.63120000,-0.70550000
47.65000000,0.88760000,0.38480000,-1.22100000,-1.62400000,0.63120000,-0.70550000
47.68000000,0.88760000,0.38480000,-1.22100000,-1.62400000,0.63120000,-0.70550000
47.75000000,0.88760000,0.38480000,-1.22100000,-1.62400000,0.63120000,-0.70550000
47.75000000,0.88760000,0.38480000,-1.22100000,-1.62400000,0.63120000,-0.70550000
47.82000000,0.88760000,0.38480000,-1.22100000,-1.62400000,0.63120000,-0.70550000
47.82000000,0.88760000,0.38480000,-1.22100000,-1.62400000,0.63120000,-0.70550000
47.94000000,0.88760000,0.38480000,-1.22100000,-1.62400000,0.63120000,-0.70550000
47.94000000,0.88760000,0.38480000,-1.22100000,-1.62400000,0.63120000,-0.70550000
48.01000000,0.88760000,0.38480000,-1.22100000,-1.62400000,0.63120000,-0.70550000
48.04000000,0.88760000,0.38480000,-1.22100000,-1.62400000,0.63120000,-0.70550000
48.11000000,0.88760000,0.38480000,-1.22100000,-1.62400000,0.63120000,-0.70550000
48.11000000,0.88760000,0.38480000,-1.22100000,-1.62400000,0.63120000,-0.70550000
48.18000000,0.88760000,0.38480000,-1.22100000,-1.62400000,0.63120000,-0.70550000
48.18000000,0.88760000,0.38480000,-1.22100000,-1.62400000,0.63120000,-0.70550000
48.21000000,0.88760000,0.38480000,-1.22100000,-1.62400000,0.63120000,-0.70550000
48.30000000,0.88760000,0.38480000,-1.22100000,-1.62400000,0.63120000,-0.70550000
48.33000000,0.88760000,0.38480000,-1.22100000,-1.62400000,0.63120000,-0.70550000
48.33000000,0.88760000,0.38480000,-1.22100000,-1.62400000,0.63120000,-0.70550000
48.39000000,0.88760000,0.38480000,-1.22100000,-1.62400000,0.63120000,-0.70550000
48.42000000,0.88760000,0.38480000,-1.22100000,-1.62400000,0.63120000,-0.70550000
48.49000000,0.88760000,0.38480000,-1.22100000,-1.62400000,0.63120000,-0.70550000
48.52000000,0.88760000,0.38480000,-1.22100000,-1.62400000,0.63120000,-0.70550000
48.59000000,0.88760000,0.38480000,-1.22100000,-1.62400000,0.63120000,-0.70550000
48.59000000,0.88760000,0.38480000,-1.22100000,-1.62400000,0.63120000,-0.70550000
48.66000000,0.88760000,0.38480000,-1.22100000,-1.62400000,0.63120000,-0.70550000
48.69000000,0.88750000,0.38480000,-1.22100000,-1.62400000,0.63120000,-0.70550000
48.69000000,0.88750000,0.38480000,-1.22100000,-1.62400000,0.63120000,-0.70550000
48.78000000,0.88760000,0.38480000,-1.22100000,-1.62400000,0.63120000,-0.70550000
48.78000000,0.88760000,0.38480000,-1.22100000,-1.62400000,0.63120000,-0.70550000
48.88000000,0.88760000,0.38480000,-1.22100000,-1.62400000,0.63120000,-0.70550000
48.99000000,0.88760000,0.38480000,-1.22100000,-1.62400000,0.63120000,-0.70550000
48.99000000,0.88760000,0.38480000,-1.22100000,-1.62400000,0.63120000,-0.70550000
49.06000000,0.88760000,0.38480000,-1.22100000,-1.62400000,0.63120000,-0.70550000
49.09000000,0.88760000,0.38480000,-1.22100000,-1.62400000,0.63120000,-0.70550000
49.09000000,0.88760000,0.38480000,-1.22100000,-1.62400000,0.63120000,-0.70550000
49.16000000,0.88760000,0.38480000,-1.22100000,-1.62400000,0.63120000,-0.70550000
49.22000000,0.88760000,0.38480000,-1.22100000,-1.62400000,0.63120000,-0.70550000
49.25000000,0.88760000,0.38480000,-1.22100000,-1.62400000,0.63120000,-0.70550000
49.25000000,0.88760000,0.38480000,-1.22100000,-1.62400000,0.63120000,-0.70550000
49.33000000,0.88750000,0.38480000,-1.22100000,-1.62400000,0.63120000,-0.70550000
49.36000000,0.88750000,0.38480000,-1.22100000,-1.62400000,0.63120000,-0.70550000
49.39000000,0.88750000,0.38480000,-1.22100000,-1.62400000,0.63120000,-0.70550000
49.42000000,0.88750000,0.38480000,-1.22100000,-1.62400000,0.63120000,-0.70550000
49.49000000,0.88750000,0.38480000,-1.22100000,-1.62400000,0.63120000,-0.70550000
49.49000000,0.88750000,0.38480000,-1.22100000,-1.62400000,0.63120000,-0.70550000
49.56000000,0.88750000,0.38480000,-1.22100000,-1.62400000,0.63120000,-0.70550000
49.56000000,0.88750000,0.38480000,-1.22100000,-1.62400000,0.63120000,-0.70550000
49.66000000,0.88750000,0.38480000,-1.22100000,-1.62400000,0.63120000,-0.70550000
49.77000000,0.88750000,0.38480000,-1.22100000,-1.62400000,0.63120000,-0.70550000
49.86000000,0.88750000,0.38480000,-1.22100000,-1.62400000,0.63120000,-0.70550000
49.86000000,0.88750000,0.38480000,-1.22100000,-1.62400000,0.63120000,-0.70550000
49.94000000,0.88750000,0.38480000,-1.22100000,-1.62400000,0.63120000,-0.70550000
49.94000000,0.88750000,0.38480000,-1.22100000,-1.62400000,0.63120000,-0.70550000
50.01000000,0.88750000,0.38480000,-1.22100000,-1.62400000,0.63120000,-0.70550000
50.01000000,0.88750000,0.38480000,-1.22100000,-1.62400000,0.63120000,-0.70550000
50.12000000,0.88750000,0.38480000,-1.22100000,-1.62400000,0.63120000,-0.70550000
50.12000000,0.88750000,0.38480000,-1.22100000,-1.62400000,0.63120000,-0.70550000
50.19000000,0.88750000,0.38480000,-1.22100000,-1.62400000,0.63120000,-0.70550000
50.19000000,0.88750000,0.38480000,-1.22100000,-1.62400000,0.63120000,-0.70550000
50.22000000,0.88750000,0.38480000,-1.22100000,-1.62400000,0.63120000,-0.70550000
50.31000000,0.88750000,0.38480000,-1.22100000,-1.62400000,0.63120000,-0.70550000
50.31000000,0.88750000,0.38480000,-1.22100000,-1.62400000,0.63120000,-0.70550000
50.43000000,0.88750000,0.38480000,-1.22100000,-1.62400000,0.63120000,-0.70550000
50.43000000,0.88750000,0.38480000,-1.22100000,-1.62400000,0.63120000,-0.70550000
50.46000000,0.88760000,0.38480000,-1.22100000,-1.62400000,0.63120000,-0.70550000
50.55000000,0.88760000,0.38480000,-1.22100000,-1.62400000,0.63120000,-0.70550000
50.58000000,0.88760000,0.38480000,-1.22100000,-1.62400000,0.63120000,-0.70550000
50.58000000,0.88760000,0.38480000,-1.22100000,-1.62400000,0.63120000,-0.70550000
50.67000000,0.88760000,0.38480000,-1.22100000,-1.62400000,0.63120000,-0.70550000
50.67000000,0.88760000,0.38480000,-1.22100000,-1.62400000,0.63120000,-0.70550000
50.74000000,0.88760000,0.38480000,-1.22100000,-1.62400000,0.63120000,-0.70550000
50.77000000,0.88760000,0.38480000,-1.22100000,-1.62400000,0.63120000,-0.70550000
50.77000000,0.88760000,0.38480000,-1.22100000,-1.62400000,0.63120000,-0.70550000
50.86000000,0.88760000,0.38480000,-1.22100000,-1.62400000,0.63120000,-0.70550000
50.94000000,0.88760000,0.38480000,-1.22100000,-1.62400000,0.63120000,-0.70550000
50.97000000,0.88760000,0.38480000,-1.22100000,-1.62400000,0.63120000,-0.70550000
51.00000000,0.88760000,0.38480000,-1.22100000,-1.62400000,0.63120000,-0.70550000
51.06000000,0.88760000,0.38480000,-1.22100000,-1.62400000,0.63120000,-0.70550000
51.09000000,0.88760000,0.38480000,-1.22100000,-1.62400000,0.63120000,-0.70550000
51.09000000,0.88760000,0.38480000,-1.22100000,-1.62400000,0.63120000,-0.70550000
51.17000000,0.88760000,0.38480000,-1.22100000,-1.62400000,0.63120000,-0.70550000
51.24000000,0.88760000,0.38480000,-1.22100000,-1.62400000,0.63120000,-0.70550000
51.27000000,0.88760000,0.38480000,-1.22100000,-1.62400000,0.63120000,-0.70550000
51.30000000,0.88760000,0.38480000,-1.22100000,-1.62400000,0.63120000,-0.70550000
51.36000000,0.88760000,0.38480000,-1.22100000,-1.62400000,0.63120000,-0.70550000
51.36000000,0.88760000,0.38480000,-1.22100000,-1.62400000,0.63120000,-0.70550000
51.43000000,0.88760000,0.38480000,-1.22100000,-1.62400000,0.63120000,-0.70550000
51.46000000,0.88760000,0.38480000,-1.22100000,-1.62400000,0.63120000,-0.70550000
51.46000000,0.88760000,0.38480000,-1.22100000,-1.62400000,0.63120000,-0.70550000
51.53000000,0.88760000,0.38480000,-1.22100000,-1.62400000,0.63120000,-0.70550000
51.60000000,0.88760000,0.38480000,-1.22100000,-1.62400000,0.63120000,-0.70550000
51.60000000,0.88760000,0.38480000,-1.22100000,-1.62400000,0.63120000,-0.70550000
51.63000000,0.88760000,0.38480000,-1.22100000,-1.62400000,0.63120000,-0.70550000
51.72000000,0.88760000,0.38480000,-1.22100000,-1.62400000,0.63120000,-0.70550000
51.75000000,0.88760000,0.38480000,-1.22100000,-1.62400000,0.63120000,-0.70550000
51.78000000,0.88760000,0.38480000,-1.22100000,-1.62400000,0.63120000,-0.70550000
51.85000000,0.88760000,0.38480000,-1.22100000,-1.62400000,0.63120000,-0.70550000
51.88000000,0.88760000,0.38480000,-1.22100000,-1.62400000,0.63120000,-0.70550000
51.91000000,0.88760000,0.38480000,-1.22100000,-1.62400000,0.63120000,-0.70550000
51.94000000,0.88760000,0.38480000,-1.22100000,-1.62400000,0.63120000,-0.70550000
52.01000000,0.88770000,0.38480000,-1.22100000,-1.62400000,0.63120000,-0.70550000
52.04000000,0.88770000,0.38480000,-1.22100000,-1.62400000,0.63120000,-0.70550000
52.11000000,0.88770000,0.38480000,-1.22100000,-1.62400000,0.63120000,-0.70550000
52.17000000,0.88760000,0.38480000,-1.22100000,-1.62400000,0.63120000,-0.70550000
52.20000000,0.88760000,0.38480000,-1.22100000,-1.62400000,0.63120000,-0.70550000
52.23000000,0.88760000,0.38480000,-1.22100000,-1.62400000,0.63120000,-0.70550000
52.30000000,0.88760000,0.38480000,-1.22100000,-1.62400000,0.63120000,-0.70550000
52.33000000,0.88760000,0.38480000,-1.22100000,-1.62400000,0.63120000,-0.70550000
52.39000000,0.88760000,0.38480000,-1.22100000,-1.62400000,0.63120000,-0.70550000
52.39000000,0.88760000,0.38480000,-1.22100000,-1.62400000,0.63120000,-0.70550000
52.46000000,0.88770000,0.38480000,-1.22100000,-1.62400000,0.63120000,-0.70550000
52.46000000,0.88770000,0.38480000,-1.22100000,-1.62400000,0.63120000,-0.70550000
52.53000000,0.88770000,0.38480000,-1.22100000,-1.62400000,0.63120000,-0.70550000
52.56000000,0.88770000,0.38480000,-1.22100000,-1.62400000,0.63120000,-0.70550000
52.59000000,0.88770000,0.38480000,-1.22100000,-1.62400000,0.63120000,-0.70550000
52.62000000,0.88770000,0.38480000,-1.22100000,-1.62400000,0.63120000,-0.70550000
52.69000000,0.88760000,0.38480000,-1.22100000,-1.62400000,0.63120000,-0.70550000
52.69000000,0.88760000,0.38480000,-1.22100000,-1.62400000,0.63120000,-0.70550000
52.80000000,0.88760000,0.38480000,-1.22100000,-1.62400000,0.63120000,-0.70550000
52.80000000,0.88770000,0.38480000,-1.22100000,-1.62400000,0.63120000,-0.70550000
52.87000000,0.88770000,0.38480000,-1.22100000,-1.62400000,0.63120000,-0.70550000
52.95000000,0.88770000,0.38480000,-1.22100000,-1.62400000,0.63120000,-0.70550000
52.98000000,0.88760000,0.38480000,-1.22100000,-1.62400000,0.63120000,-0.70550000
53.01000000,0.88760000,0.38480000,-1.22100000,-1.62400000,0.63120000,-0.70550000
53.07000000,0.88760000,0.38480000,-1.22100000,-1.62400000,0.63120000,-0.70550000
53.10000000,0.88760000,0.38480000,-1.22100000,-1.62400000,0.63120000,-0.70550000
53.13000000,0.88770000,0.38480000,-1.22100000,-1.62400000,0.63120000,-0.70550000
53.19000000,0.88770000,0.38480000,-1.22100000,-1.62400000,0.63120000,-0.70550000
53.19000000,0.88770000,0.38480000,-1.22100000,-1.62400000,0.63120000,-0.70550000
53.22000000,0.88770000,0.38480000,-1.22100000,-1.62400000,0.63120000,-0.70550000
53.31000000,0.88770000,0.38480000,-1.22100000,-1.62400000,0.63120000,-0.70550000
53.31000000,0.88770000,0.38480000,-1.22100000,-1.62400000,0.63120000,-0.70550000
53.42000000,0.88770000,0.38480000,-1.22100000,-1.62400000,0.63120000,-0.70550000
53.45000000,0.88770000,0.38480000,-1.22100000,-1.62400000,0.63120000,-0.70550000
53.51000000,0.88770000,0.38480000,-1.22100000,-1.62400000,0.63120000,-0.70550000
53.58000000,0.88770000,0.38480000,-1.22100000,-1.62400000,0.63120000,-0.70550000
53.58000000,0.88770000,0.38480000,-1.22100000,-1.62400000,0.63120000,-0.70550000
53.65000000,0.88770000,0.38480000,-1.22100000,-1.62400000,0.63120000,-0.70550000
53.70000000,0.88770000,0.38480000,-1.22100000,-1.62400000,0.63120000,-0.70550000
53.77000000,0.88760000,0.38480000,-1.22100000,-1.62400000,0.63120000,-0.70550000
53.83000000,0.88770000,0.38480000,-1.22100000,-1.62400000,0.63120000,-0.70550000
53.89000000,0.88770000,0.38480000,-1.22100000,-1.62400000,0.63120000,-0.70550000
53.95000000,0.88770000,0.38480000,-1.22100000,-1.62400000,0.63120000,-0.70550000
53.98000000,0.88770000,0.38480000,-1.22100000,-1.62400000,0.63120000,-0.70550000
53.98000000,0.88770000,0.38480000,-1.22100000,-1.62400000,0.63120000,-0.70550000
54.05000000,0.88770000,0.38480000,-1.22100000,-1.62400000,0.63120000,-0.70550000
54.08000000,0.88770000,0.38480000,-1.22100000,-1.62400000,0.63120000,-0.70550000
54.11000000,0.88770000,0.38480000,-1.22100000,-1.62400000,0.63120000,-0.70550000
54.21000000,0.88770000,0.38480000,-1.22100000,-1.62400000,0.63120000,-0.70550000
54.28000000,0.88770000,0.38480000,-1.22100000,-1.62400000,0.63120000,-0.70550000
54.31000000,0.88770000,0.38480000,-1.22100000,-1.62400000,0.63120000,-0.70550000
54.31000000,0.88770000,0.38480000,-1.22100000,-1.62400000,0.63120000,-0.70550000
54.38000000,0.88770000,0.38480000,-1.22100000,-1.62400000,0.63120000,-0.70550000
54.38000000,0.88770000,0.38480000,-1.22100000,-1.62400000,0.63120000,-0.70550000
54.45000000,0.88770000,0.38480000,-1.22100000,-1.62400000,0.63120000,-0.70550000
54.48000000,0.88770000,0.38480000,-1.22100000,-1.62400000,0.63120000,-0.70550000
54.51000000,0.88770000,0.38480000,-1.22100000,-1.62400000,0.63120000,-0.70550000
54.61000000,0.88760000,0.38480000,-1.22100000,-1.62400000,0.63120000,-0.70550000
54.61000000,0.88740000,0.38480000,-1.22100000,-1.62400000,0.63120000,-0.70550000
54.68000000,0.88710000,0.38490000,-1.22100000,-1.62400000,0.63120000,-0.70550000
54.68000000,0.88720000,0.38490000,-1.22100000,-1.62400000,0.63120000,-0.70550000
54.76000000,0.88690000,0.38490000,-1.22100000,-1.62400000,0.63120000,-0.70550000
54.79000000,0.88660000,0.38500000,-1.22100000,-1.62400000,0.63110000,-0.70550000
54.82000000,0.88620000,0.38520000,-1.22100000,-1.62400000,0.63130000,-0.70560000
54.95000000,0.88440000,0.38620000,-1.21900000,-1.62300000,0.63340000,-0.70590000
54.95000000,0.88590000,0.38540000,-1.22100000,-1.62400000,0.63180000,-0.70560000
55.02000000,0.88320000,0.38680000,-1.21900000,-1.62300000,0.63440000,-0.70600000
55.05000000,0.88230000,0.38760000,-1.21700000,-1.62300000,0.63600000,-0.70600000
55.08000000,0.88160000,0.38800000,-1.21700000,-1.62200000,0.63670000,-0.70600000
55.14000000,0.88090000,0.38830000,-1.21600000,-1.62200000,0.63740000,-0.70610000
55.17000000,0.88020000,0.38870000,-1.21600000,-1.62200000,0.63800000,-0.70610000
55.20000000,0.87960000,0.38910000,-1.21500000,-1.62200000,0.63860000,-0.70620000
55.30000000,0.87910000,0.38940000,-1.21500000,-1.62100000,0.63920000,-0.70610000
55.36000000,0.87800000,0.38980000,-1.21400000,-1.62100000,0.63960000,-0.70630000
55.36000000,0.87730000,0.39040000,-1.21300000,-1.62100000,0.64100000,-0.70620000
55.48000000,0.87660000,0.39060000,-1.21300000,-1.62100000,0.64100000,-0.70630000
55.54000000,0.87570000,0.39120000,-1.21200000,-1.62000000,0.64210000,-0.70640000
55.68000000,0.87500000,0.39160000,-1.21100000,-1.62000000,0.64290000,-0.70640000
55.68000000,0.87400000,0.39210000,-1.21100000,-1.62000000,0.64370000,-0.70650000
55.80000000,0.87240000,0.39330000,-1.20900000,-1.61900000,0.64590000,-0.70640000
55.80000000,0.87310000,0.39260000,-1.21000000,-1.61900000,0.64450000,-0.70660000
55.87000000,0.87180000,0.39370000,-1.20800000,-1.61900000,0.64650000,-0.70640000
55.95000000,0.87050000,0.39450000,-1.20700000,-1.61900000,0.64780000,-0.70650000
55.98000000,0.86970000,0.39500000,-1.20600000,-1.61800000,0.64860000,-0.70650000
56.07000000,0.86900000,0.39540000,-1.20600000,-1.61800000,0.64930000,-0.70650000
56.13000000,0.86840000,0.39580000,-1.20500000,-1.61800000,0.64990000,-0.70650000
56.16000000,0.86790000,0.39610000,-1.20500000,-1.61800000,0.65040000,-0.70650000
56.19000000,0.86750000,0.39630000,-1.20400000,-1.61800000,0.65080000,-0.70650000
56.26000000,0.86700000,0.39630000,-1.20400000,-1.61700000,0.65060000,-0.70680000
56.29000000,0.86640000,0.39670000,-1.20400000,-1.61700000,0.65130000,-0.70680000
56.35000000,0.86590000,0.39710000,-1.20300000,-1.61700000,0.65190000,-0.70670000
56.38000000,0.86540000,0.39740000,-1.20300000,-1.61700000,0.65230000,-0.70680000
56.47000000,0.86500000,0.39770000,-1.20200000,-1.61700000,0.65290000,-0.70670000
56.47000000,0.86430000,0.39810000,-1.20200000,-1.61700000,0.65340000,-0.70680000
56.53000000,0.86370000,0.39840000,-1.20100000,-1.61600000,0.65400000,-0.70680000
56.59000000,0.86280000,0.39890000,-1.20100000,-1.61600000,0.65480000,-0.70690000
56.59000000,0.86320000,0.39870000,-1.20100000,-1.61600000,0.65450000,-0.70690000
56.65000000,0.86250000,0.39910000,-1.20000000,-1.61600000,0.65520000,-0.70690000
56.71000000,0.86220000,0.39940000,-1.20000000,-1.61600000,0.65560000,-0.70690000
56.71000000,0.86180000,0.39960000,-1.20000000,-1.61600000,0.65590000,-0.70700000
56.83000000,0.86160000,0.39990000,-1.19900000,-1.61600000,0.65650000,-0.70690000
56.89000000,0.86090000,0.40030000,-1.19800000,-1.61500000,0.65710000,-0.70700000
56.89000000,0.86040000,0.40050000,-1.19800000,-1.61500000,0.65750000,-0.70700000
57.01000000,0.85930000,0.40120000,-1.19700000,-1.61500000,0.65850000,-0.70710000
57.01000000,0.85990000,0.40080000,-1.19800000,-1.61500000,0.65790000,-0.70700000
57.07000000,0.85890000,0.40150000,-1.19700000,-1.61500000,0.65890000,-0.70700000
57.13000000,0.85860000,0.40170000,-1.19600000,-1.61500000,0.65930000,-0.70700000
57.19000000,0.85790000,0.40210000,-1.19600000,-1.61400000,0.66000000,-0.70710000
57.19000000,0.85820000,0.40190000,-1.19600000,-1.61400000,0.65970000,-0.70700000
57.33000000,0.85760000,0.40230000,-1.19500000,-1.61400000,0.66030000,-0.70710000
57.33000000,0.85700000,0.40270000,-1.19500000,-1.61400000,0.66090000,-0.70710000
57.40000000,0.85660000,0.40300000,-1.19400000,-1.61400000,0.66140000,-0.70700000
57.43000000,0.85590000,0.40340000,-1.19400000,-1.61400000,0.66200000,-0.70710000
57.52000000,0.85540000,0.40370000,-1.19300000,-1.61300000,0.66240000,-0.70720000
57.55000000,0.85480000,0.40410000,-1.19300000,-1.61300000,0.66300000,-0.70720000
57.61000000,0.85430000,0.40440000,-1.19200000,-1.61300000,0.66350000,-0.70720000
57.64000000,0.85390000,0.40470000,-1.19200000,-1.61300000,0.66390000,-0.70720000
57.73000000,0.85350000,0.40490000,-1.19100000,-1.61300000,0.66430000,-0.70720000
57.73000000,0.85290000,0.40530000,-1.19100000,-1.61200000,0.66480000,-0.70730000
57.82000000,0.85240000,0.40560000,-1.19000000,-1.61200000,0.66530000,-0.70730000
57.85000000,0.85190000,0.40590000,-1.19000000,-1.61200000,0.66580000,-0.70730000
57.96000000,0.85160000,0.40630000,-1.18900000,-1.61200000,0.66640000,-0.70720000
57.96000000,0.85110000,0.40650000,-1.18900000,-1.61200000,0.66670000,-0.70730000
58.06000000,0.85030000,0.40710000,-1.18800000,-1.61200000,0.66760000,-0.70730000
58.06000000,0.85080000,0.40680000,-1.18900000,-1.61200000,0.66720000,-0.70720000
58.12000000,0.84990000,0.40740000,-1.18800000,-1.61100000,0.66800000,-0.70740000
58.18000000,0.84940000,0.40770000,-1.18700000,-1.61100000,0.66840000,-0.70740000
58.24000000,0.84900000,0.40800000,-1.18700000,-1.61100000,0.66890000,-0.70730000
58.27000000,0.84860000,0.40820000,-1.18700000,-1.61100000,0.66920000,-0.70740000
58.30000000,0.84840000,0.40840000,-1.18600000,-1.61100000,0.66960000,-0.70730000
58.36000000,0.84810000,0.40860000,-1.18600000,-1.61100000,0.66990000,-0.70730000
58.36000000,0.84790000,0.40880000,-1.18600000,-1.61100000,0.67010000,-0.70730000
58.50000000,0.84720000,0.40930000,-1.18500000,-1.61000000,0.67090000,-0.70730000
58.50000000,0.84760000,0.40880000,-1.18600000,-1.61100000,0.67000000,-0.70740000
58.57000000,0.84670000,0.40950000,-1.18400000,-1.61000000,0.67130000,-0.70730000
58.60000000,0.84630000,0.40980000,-1.18400000,-1.61000000,0.67170000,-0.70730000
58.66000000,0.84590000,0.41010000,-1.18400000,-1.61000000,0.67200000,-0.70740000
58.72000000,0.84560000,0.41030000,-1.18300000,-1.61000000,0.67230000,-0.70740000
58.72000000,0.84530000,0.41050000,-1.18300000,-1.61000000,0.67260000,-0.70740000
58.78000000,0.84500000,0.41070000,-1.18300000,-1.61000000,0.67290000,-0.70740000
58.84000000,0.84460000,0.41100000,-1.18200000,-1.61000000,0.67340000,-0.70740000
58.84000000,0.84480000,0.41090000,-1.18200000,-1.61000000,0.67320000,-0.70730000
58.99000000,0.84430000,0.41120000,-1.18200000,-1.60900000,0.67370000,-0.70740000
59.06000000,0.84320000,0.41200000,-1.18100000,-1.60900000,0.67480000,-0.70740000
59.06000000,0.84370000,0.41170000,-1.18100000,-1.60900000,0.67450000,-0.70730000
59.13000000,0.84280000,0.41220000,-1.18000000,-1.60900000,0.67510000,-0.70740000
59.16000000,0.84250000,0.41240000,-1.18000000,-1.60900000,0.67540000,-0.70740000
59.19000000,0.84220000,0.41260000,-1.18000000,-1.60900000,0.67570000,-0.70750000
59.26000000,0.84190000,0.41270000,-1.18000000,-1.60800000,0.67590000,-0.70750000
59.29000000,0.84170000,0.41290000,-1.17900000,-1.60800000,0.67610000,-0.70750000
59.35000000,0.84150000,0.41310000,-1.17900000,-1.60800000,0.67630000,-0.70750000
59.38000000,0.84130000,0.41330000,-1.17900000,-1.60800000,0.67670000,-0.70740000
59.41000000,0.84100000,0.41350000,-1.17900000,-1.60800000,0.67700000,-0.70740000
59.47000000,0.84090000,0.41360000,-1.17800000,-1.60800000,0.67720000,-0.70740000
59.50000000,0.84060000,0.41380000,-1.17800000,-1.60800000,0.67740000,-0.70740000
59.61000000,0.84000000,0.41420000,-1.17700000,-1.60800000,0.67800000,-0.70750000
59.61000000,0.84050000,0.41390000,-1.17800000,-1.60800000,0.67760000,-0.70740000
59.71000000,0.83970000,0.41440000,-1.17700000,-1.60800000,0.67840000,-0.70750000
59.71000000,0.83930000,0.41470000,-1.17700000,-1.60800000,0.67880000,-0.70750000
59.77000000,0.83890000,0.41490000,-1.17600000,-1.60700000,0.67900000,-0.70750000
59.83000000,0.83870000,0.41510000,-1.17600000,-1.60700000,0.67930000,-0.70750000
59.83000000,0.83850000,0.41520000,-1.17600000,-1.60700000,0.67950000,-0.70750000
59.96000000,0.83820000,0.41530000,-1.17600000,-1.60700000,0.67940000,-0.70750000
59.96000000,0.83790000,0.41570000,-1.17500000,-1.60700000,0.68020000,-0.70750000
60.03000000,0.83760000,0.41590000,-1.17500000,-1.60700000,0.68050000,-0.70740000
60.13000000,0.83740000,0.41610000,-1.17500000,-1.60700000,0.68070000,-0.70750000
60.13000000,0.83700000,0.41630000,-1.17400000,-1.60700000,0.68100000,-0.70750000
60.19000000,0.83670000,0.41650000,-1.17400000,-1.60700000,0.68140000,-0.70750000
60.25000000,0.83650000,0.41670000,-1.17400000,-1.60600000,0.68160000,-0.70750000
60.28000000,0.83630000,0.41680000,-1.17300000,-1.60600000,0.68170000,-0.70750000
60.37000000,0.83580000,0.41720000,-1.17300000,-1.60600000,0.68230000,-0.70750000
60.37000000,0.83610000,0.41700000,-1.17300000,-1.60600000,0.68200000,-0.70750000
60.43000000,0.83560000,0.41740000,-1.17200000,-1.60600000,0.68260000,-0.70750000
60.49000000,0.83530000,0.41760000,-1.17200000,-1.60600000,0.68280000,-0.70750000
60.49000000,0.83510000,0.41770000,-1.17200000,-1.60600000,0.68300000,-0.70750000
60.68000000,0.83420000,0.41840000,-1.17100000,-1.60600000,0.68390000,-0.70750000
60.68000000,0.83490000,0.41770000,-1.17200000,-1.60600000,0.68290000,-0.70750000
60.76000000,0.83350000,0.41880000,-1.17000000,-1.60500000,0.68450000,-0.70760000
60.79000000,0.83320000,0.41900000,-1.17000000,-1.60500000,0.68470000,-0.70760000
60.85000000,0.83290000,0.41920000,-1.17000000,-1.60500000,0.68500000,-0.70760000
60.88000000,0.83270000,0.41930000,-1.17000000,-1.60500000,0.68520000,-0.70760000
60.99000000,0.83260000,0.41950000,-1.16900000,-1.60500000,0.68550000,-0.70750000
60.99000000,0.83220000,0.41980000,-1.16900000,-1.60500000,0.68590000,-0.70760000
61.08000000,0.83180000,0.42010000,-1.16800000,-1.60500000,0.68630000,-0.70760000
61.11000000,0.83160000,0.42020000,-1.16800000,-1.60500000,0.68650000,-0.70760000
61.14000000,0.83140000,0.42040000,-1.16800000,-1.60400000,0.68670000,-0.70770000
61.24000000,0.83110000,0.42040000,-1.16800000,-1.60400000,0.68650000,-0.70770000
61.30000000,0.83070000,0.42090000,-1.16700000,-1.60400000,0.68740000,-0.70760000
61.30000000,0.83090000,0.42070000,-1.16700000,-1.60400000,0.68720000,-0.70760000
61.36000000,0.83050000,0.42100000,-1.16700000,-1.60400000,0.68760000,-0.70760000
61.42000000,0.83020000,0.42120000,-1.16700000,-1.60400000,0.68780000,-0.70760000
61.48000000,0.83000000,0.42130000,-1.16600000,-1.60400000,0.68800000,-0.70770000
61.54000000,0.82970000,0.42160000,-1.16600000,-1.60400000,0.68840000,-0.70760000
61.54000000,0.82990000,0.42150000,-1.16600000,-1.60400000,0.68820000,-0.70760000
61.66000000,0.82930000,0.42180000,-1.16600000,-1.60400000,0.68850000,-0.70770000
61.66000000,0.82950000,0.42150000,-1.16600000,-1.60400000,0.68810000,-0.70770000
61.78000000,0.82910000,0.42190000,-1.16600000,-1.60300000,0.68860000,-0.70770000
61.78000000,0.82880000,0.42210000,-1.16500000,-1.60300000,0.68880000,-0.70770000
61.84000000,0.82860000,0.42220000,-1.16500000,-1.60300000,0.68900000,-0.70770000
62.01000000,0.82810000,0.42280000,-1.16400000,-1.60300000,0.69000000,-0.70770000
62.01000000,0.82850000,0.42240000,-1.16500000,-1.60300000,0.68930000,-0.70770000
62.04000000,0.82790000,0.42290000,-1.16400000,-1.60300000,0.69020000,-0.70770000
62.13000000,0.82750000,0.42320000,-1.16400000,-1.60300000,0.69050000,-0.70770000
62.13000000,0.82770000,0.42310000,-1.16400000,-1.60300000,0.69040000,-0.70770000
62.19000000,0.82730000,0.42340000,-1.16300000,-1.60300000,0.69080000,-0.70770000
62.25000000,0.82720000,0.42330000,-1.16300000,-1.60300000,0.69060000,-0.70770000
62.25000000,0.82700000,0.42340000,-1.16300000,-1.60300000,0.69070000,-0.70780000
62.28000000,0.82690000,0.42350000,-1.16300000,-1.60300000,0.69080000,-0.70780000
62.37000000,0.82680000,0.42360000,-1.16300000,-1.60300000,0.69100000,-0.70770000
62.40000000,0.82680000,0.42350000,-1.16300000,-1.60300000,0.69070000,-0.70770000
62.43000000,0.82710000,0.42340000,-1.16300000,-1.60300000,0.69070000,-0.70770000
62.53000000,0.82800000,0.42320000,-1.16400000,-1.60300000,0.69100000,-0.70770000
62.53000000,0.82730000,0.42340000,-1.16300000,-1.60300000,0.69090000,-0.70770000
62.59000000,0.82850000,0.42300000,-1.16400000,-1.60300000,0.69080000,-0.70770000
62.65000000,0.82910000,0.42240000,-1.16500000,-1.60400000,0.68970000,-0.70730000
62.65000000,0.82880000,0.42270000,-1.16400000,-1.60400000,0.69040000,-0.70750000
62.77000000,0.82940000,0.42220000,-1.16500000,-1.60400000,0.68950000,-0.70720000
62.83000000,0.83000000,0.42180000,-1.16600000,-1.60400000,0.68900000,-0.70710000
62.89000000,0.83050000,0.42150000,-1.16600000,-1.60400000,0.68850000,-0.70710000
62.92000000,0.83080000,0.42130000,-1.16600000,-1.60500000,0.68820000,-0.70700000
62.95000000,0.83120000,0.42110000,-1.16700000,-1.60500000,0.68780000,-0.70690000
63.01000000,0.83150000,0.42090000,-1.16700000,-1.60500000,0.68750000,-0.70690000
63.10000000,0.83200000,0.42050000,-1.16800000,-1.60500000,0.68700000,-0.70680000
63.13000000,0.83240000,0.42020000,-1.16800000,-1.60500000,0.68660000,-0.70680000
63.19000000,0.83280000,0.41990000,-1.16800000,-1.60600000,0.68610000,-0.70670000
63.25000000,0.83310000,0.41970000,-1.16900000,-1.60600000,0.68590000,-0.70670000
63.25000000,0.83340000,0.41950000,-1.16900000,-1.60600000,0.68560000,-0.70660000
63.31000000,0.83370000,0.41930000,-1.16900000,-1.60600000,0.68530000,-0.70660000
63.37000000,0.83390000,0.41910000,-1.17000000,-1.60600000,0.68500000,-0.70660000
63.43000000,0.83420000,0.41890000,-1.17000000,-1.60600000,0.68470000,-0.70660000
63.43000000,0.83450000,0.41870000,-1.17000000,-1.60600000,0.68440000,-0.70660000
63.55000000,0.83470000,0.41850000,-1.17100000,-1.60600000,0.68410000,-0.70660000
63.55000000,0.83520000,0.41820000,-1.17100000,-1.60700000,0.68370000,-0.70650000
63.69000000,0.83570000,0.41780000,-1.17200000,-1.60700000,0.68320000,-0.70650000
63.69000000,0.83620000,0.41750000,-1.17200000,-1.60700000,0.68280000,-0.70650000
63.81000000,0.83660000,0.41720000,-1.17300000,-1.60700000,0.68240000,-0.70640000
63.84000000,0.83720000,0.41690000,-1.17300000,-1.60700000,0.68190000,-0.70640000
63.87000000,0.83760000,0.41660000,-1.17300000,-1.60800000,0.68150000,-0.70630000
63.97000000,0.83790000,0.41640000,-1.17400000,-1.60800000,0.68120000,-0.70630000
64.02000000,0.83860000,0.41590000,-1.17500000,-1.60800000,0.68050000,-0.70630000
64.09000000,0.83920000,0.41550000,-1.17500000,-1.60800000,0.67990000,-0.70630000
64.12000000,0.83960000,0.41520000,-1.17600000,-1.60800000,0.67950000,-0.70620000
64.12000000,0.83990000,0.41500000,-1.17600000,-1.60900000,0.67930000,-0.70620000
64.21000000,0.84020000,0.41480000,-1.17600000,-1.60900000,0.67900000,-0.70620000
64.24000000,0.84040000,0.41460000,-1.17600000,-1.60900000,0.67870000,-0.70620000
64.24000000,0.84070000,0.41450000,-1.17700000,-1.60900000,0.67850000,-0.70620000
64.36000000,0.84090000,0.41430000,-1.17700000,-1.60900000,0.67810000,-0.70620000
64.36000000,0.84130000,0.41390000,-1.17800000,-1.60900000,0.67760000,-0.70620000
64.42000000,0.84180000,0.41360000,-1.17800000,-1.60900000,0.67720000,-0.70610000
64.48000000,0.84210000,0.41340000,-1.17800000,-1.60900000,0.67690000,-0.70610000
64.48000000,0.84230000,0.41330000,-1.17900000,-1.61000000,0.67670000,-0.70610000
64.54000000,0.84260000,0.41310000,-1.17900000,-1.61000000,0.67640000,-0.70610000
64.60000000,0.84280000,0.41290000,-1.17900000,-1.61000000,0.67610000,-0.70620000
64.63000000,0.84300000,0.41280000,-1.17900000,-1.61000000,0.67590000,-0.70620000
64.66000000,0.84320000,0.41260000,-1.18000000,-1.61000000,0.67560000,-0.70620000
64.72000000,0.84340000,0.41240000,-1.18000000,-1.61000000,0.67540000,-0.70620000
64.78000000,0.84380000,0.41210000,-1.18000000,-1.61000000,0.67500000,-0.70620000
64.78000000,0.84360000,0.41230000,-1.18000000,-1.61000000,0.67520000,-0.70620000
64.87000000,0.84400000,0.41200000,-1.18100000,-1.61000000,0.67480000,-0.70620000
64.90000000,0.84450000,0.41190000,-1.18100000,-1.61000000,0.67480000,-0.70610000
64.96000000,0.84480000,0.41150000,-1.18100000,-1.61000000,0.67410000,-0.70620000
64.96000000,0.84500000,0.41130000,-1.18200000,-1.61000000,0.67380000,-0.70620000
65.08000000,0.84530000,0.41110000,-1.18200000,-1.61100000,0.67350000,-0.70620000
65.08000000,0.84570000,0.41090000,-1.18200000,-1.61100000,0.67320000,-0.70620000
65.22000000,0.84640000,0.41040000,-1.18300000,-1.61100000,0.67250000,-0.70610000
65.22000000,0.84600000,0.41060000,-1.18300000,-1.61100000,0.67280000,-0.70620000
65.29000000,0.84680000,0.41010000,-1.18300000,-1.61100000,0.67210000,-0.70620000
65.32000000,0.84710000,0.40990000,-1.18400000,-1.61100000,0.67170000,-0.70610000
65.38000000,0.84750000,0.40970000,-1.18400000,-1.61100000,0.67150000,-0.70610000
65.44000000,0.84770000,0.40950000,-1.18400000,-1.61100000,0.67120000,-0.70610000
65.50000000,0.84790000,0.40930000,-1.18500000,-1.61200000,0.67090000,-0.70620000
65.56000000,0.84820000,0.40920000,-1.18500000,-1.61200000,0.67070000,-0.70620000
65.59000000,0.84840000,0.40900000,-1.18500000,-1.61200000,0.67040000,-0.70620000
65.65000000,0.84860000,0.40880000,-1.18500000,-1.61200000,0.67020000,-0.70620000
65.71000000,0.84890000,0.40890000,-1.18500000,-1.61200000,0.67040000,-0.70610000
65.74000000,0.84920000,0.40860000,-1.18600000,-1.61200000,0.67010000,-0.70610000
65.80000000,0.84950000,0.40840000,-1.18600000,-1.61200000,0.66970000,-0.70610000
65.83000000,0.84970000,0.40830000,-1.18600000,-1.61200000,0.66960000,-0.70610000
65.89000000,0.84990000,0.40800000,-1.18700000,-1.61200000,0.66890000,-0.70610000
65.97000000,0.85020000,0.40780000,-1.18700000,-1.61200000,0.66860000,-0.70610000
66.00000000,0.85050000,0.40760000,-1.18700000,-1.61200000,0.66840000,-0.70610000
66.03000000,0.85070000,0.40750000,-1.18700000,-1.61300000,0.66820000,-0.70610000
66.06000000,0.85090000,0.40740000,-1.18800000,-1.61300000,0.66800000,-0.70610000
66.15000000,0.85110000,0.40720000,-1.18800000,-1.61300000,0.66780000,-0.70610000
66.18000000,0.85140000,0.40700000,-1.18800000,-1.61300000,0.66740000,-0.70610000
66.27000000,0.85180000,0.40690000,-1.18800000,-1.61300000,0.66750000,-0.70600000
66.30000000,0.85200000,0.40660000,-1.18900000,-1.61300000,0.66690000,-0.70610000
66.33000000,0.85220000,0.40650000,-1.18900000,-1.61300000,0.66660000,-0.70610000
66.40000000,0.85240000,0.40640000,-1.18900000,-1.61300000,0.66640000,-0.70610000
66.43000000,0.85270000,0.40620000,-1.18900000,-1.61300000,0.66620000,-0.70600000
66.49000000,0.85300000,0.40600000,-1.19000000,-1.61300000,0.66590000,-0.70600000
66.55000000,0.85340000,0.40570000,-1.19000000,-1.61400000,0.66560000,-0.70600000
66.55000000,0.85320000,0.40590000,-1.19000000,-1.61300000,0.66580000,-0.70600000
66.64000000,0.85360000,0.40560000,-1.19000000,-1.61400000,0.66530000,-0.70600000
66.67000000,0.85380000,0.40540000,-1.19100000,-1.61400000,0.66500000,-0.70600000
66.73000000,0.85410000,0.40540000,-1.19000000,-1.61400000,0.66520000,-0.70600000
66.76000000,0.85430000,0.40510000,-1.19100000,-1.61400000,0.66450000,-0.70600000
66.79000000,0.85450000,0.40500000,-1.19100000,-1.61400000,0.66430000,-0.70600000
66.85000000,0.85470000,0.40500000,-1.19100000,-1.61400000,0.66460000,-0.70600000
66.91000000,0.85500000,0.40490000,-1.19100000,-1.61400000,0.66430000,-0.70590000
66.97000000,0.85520000,0.40450000,-1.19200000,-1.61400000,0.66370000,-0.70600000
67.03000000,0.85540000,0.40440000,-1.19200000,-1.61400000,0.66350000,-0.70590000
67.03000000,0.85560000,0.40430000,-1.19200000,-1.61400000,0.66330000,-0.70590000
67.09000000,0.85580000,0.40420000,-1.19200000,-1.61400000,0.66310000,-0.70590000
67.15000000,0.85590000,0.40400000,-1.19300000,-1.61400000,0.66290000,-0.70600000
67.21000000,0.85620000,0.40380000,-1.19300000,-1.61400000,0.66260000,-0.70600000
67.27000000,0.85650000,0.40380000,-1.19300000,-1.61500000,0.66270000,-0.70590000
67.27000000,0.85670000,0.40370000,-1.19300000,-1.61500000,0.66260000,-0.70590000
67.36000000,0.85690000,0.40360000,-1.19300000,-1.61500000,0.66230000,-0.70590000
67.39000000,0.85720000,0.40340000,-1.19300000,-1.61500000,0.66220000,-0.70590000
67.45000000,0.85740000,0.40330000,-1.19400000,-1.61500000,0.66190000,-0.70590000
67.48000000,0.85750000,0.40300000,-1.19400000,-1.61500000,0.66130000,-0.70590000
67.51000000,0.85770000,0.40290000,-1.19400000,-1.61500000,0.66110000,-0.70590000
67.57000000,0.85790000,0.40280000,-1.19400000,-1.61500000,0.66100000,-0.70590000
67.57000000,0.85800000,0.40270000,-1.19500000,-1.61500000,0.66090000,-0.70590000
67.69000000,0.85820000,0.40270000,-1.19500000,-1.61500000,0.66100000,-0.70580000
67.69000000,0.85850000,0.40260000,-1.19500000,-1.61500000,0.66080000,-0.70580000
67.81000000,0.85870000,0.40240000,-1.19500000,-1.61500000,0.66050000,-0.70580000
67.81000000,0.85900000,0.40220000,-1.19500000,-1.61600000,0.66020000,-0.70580000
67.87000000,0.85920000,0.40190000,-1.19600000,-1.61600000,0.65960000,-0.70590000
67.98000000,0.85970000,0.40170000,-1.19600000,-1.61600000,0.65920000,-0.70580000
67.98000000,0.85940000,0.40180000,-1.19600000,-1.61600000,0.65940000,-0.70580000
68.04000000,0.85980000,0.40150000,-1.19600000,-1.61600000,0.65900000,-0.70580000
68.10000000,0.86000000,0.40160000,-1.19600000,-1.61600000,0.65920000,-0.70580000
68.10000000,0.86020000,0.40150000,-1.19600000,-1.61600000,0.65910000,-0.70580000
68.21000000,0.86030000,0.40140000,-1.19700000,-1.61600000,0.65890000,-0.70580000
68.21000000,0.86060000,0.40120000,-1.19700000,-1.61600000,0.65870000,-0.70580000
68.29000000,0.86080000,0.40110000,-1.19700000,-1.61600000,0.65850000,-0.70580000
68.32000000,0.86100000,0.40100000,-1.19700000,-1.61600000,0.65840000,-0.70570000
68.35000000,0.86110000,0.40070000,-1.19800000,-1.61600000,0.65780000,-0.70580000
68.41000000,0.86120000,0.40070000,-1.19800000,-1.61600000,0.65760000,-0.70580000
68.44000000,0.86140000,0.40050000,-1.19800000,-1.61600000,0.65740000,-0.70580000
68.50000000,0.86170000,0.40050000,-1.19800000,-1.61600000,0.65760000,-0.70570000
68.53000000,0.86190000,0.40040000,-1.19800000,-1.61600000,0.65750000,-0.70570000
68.56000000,0.86200000,0.40030000,-1.19800000,-1.61700000,0.65720000,-0.70570000
68.62000000,0.86210000,0.40020000,-1.19800000,-1.61700000,0.65710000,-0.70570000
68.68000000,0.86230000,0.40010000,-1.19800000,-1.61700000,0.65690000,-0.70570000
68.74000000,0.86240000,0.40010000,-1.19900000,-1.61700000,0.65680000,-0.70570000
68.77000000,0.86260000,0.40000000,-1.19900000,-1.61700000,0.65680000,-0.70570000
68.80000000,0.86270000,0.39990000,-1.19900000,-1.61700000,0.65660000,-0.70570000
68.86000000,0.86280000,0.39980000,-1.19900000,-1.61700000,0.65640000,-0.70570000
68.89000000,0.86290000,0.39970000,-1.19900000,-1.61700000,0.65630000,-0.70570000
68.92000000,0.86310000,0.39970000,-1.19900000,-1.61700000,0.65620000,-0.70570000
68.98000000,0.86320000,0.39960000,-1.19900000,-1.61700000,0.65610000,-0.70570000
69.04000000,0.86330000,0.39950000,-1.19900000,-1.61700000,0.65590000,-0.70570000
69.07000000,0.86340000,0.39940000,-1.20000000,-1.61700000,0.65580000,-0.70570000
69.10000000,0.86350000,0.39930000,-1.20000000,-1.61700000,0.65570000,-0.70570000
69.16000000,0.86370000,0.39920000,-1.20000000,-1.61700000,0.65550000,-0.70570000
69.22000000,0.86390000,0.39910000,-1.20000000,-1.61700000,0.65530000,-0.70560000
69.28000000,0.86410000,0.39900000,-1.20000000,-1.61700000,0.65510000,-0.70570000
69.31000000,0.86420000,0.39890000,-1.20000000,-1.61700000,0.65510000,-0.70560000
69.34000000,0.86440000,0.39880000,-1.20000000,-1.61700000,0.65490000,-0.70560000
69.40000000,0.86450000,0.39880000,-1.20000000,-1.61700000,0.65480000,-0.70560000
69.46000000,0.86460000,0.39870000,-1.20100000,-1.61700000,0.65460000,-0.70560000
69.46000000,0.86470000,0.39860000,-1.20100000,-1.61700000,0.65450000,-0.70560000
69.55000000,0.86480000,0.39850000,-1.20100000,-1.61800000,0.65440000,-0.70560000
69.61000000,0.86510000,0.39840000,-1.20100000,-1.61800000,0.65410000,-0.70560000
69.70000000,0.86540000,0.39830000,-1.20100000,-1.61800000,0.65400000,-0.70560000
69.70000000,0.86560000,0.39810000,-1.20100000,-1.61800000,0.65370000,-0.70560000
69.82000000,0.86600000,0.39770000,-1.20200000,-1.61800000,0.65280000,-0.70560000
69.82000000,0.86580000,0.39800000,-1.20200000,-1.61800000,0.65350000,-0.70560000
69.98000000,0.86640000,0.39740000,-1.20300000,-1.61800000,0.65240000,-0.70560000
70.05000000,0.86670000,0.39740000,-1.20300000,-1.61800000,0.65250000,-0.70560000
70.08000000,0.86690000,0.39720000,-1.20300000,-1.61800000,0.65220000,-0.70560000
70.14000000,0.86700000,0.39720000,-1.20300000,-1.61800000,0.65210000,-0.70560000
70.17000000,0.86710000,0.39710000,-1.20300000,-1.61800000,0.65200000,-0.70560000
70.23000000,0.86730000,0.39700000,-1.20300000,-1.61800000,0.65190000,-0.70560000
70.26000000,0.86750000,0.39690000,-1.20300000,-1.61800000,0.65170000,-0.70560000
70.26000000,0.86740000,0.39690000,-1.20300000,-1.61800000,0.65180000,-0.70560000
70.38000000,0.86760000,0.39680000,-1.20300000,-1.61800000,0.65160000,-0.70560000
70.38000000,0.86780000,0.39670000,-1.20400000,-1.61900000,0.65140000,-0.70550000
70.48000000,0.86800000,0.39660000,-1.20400000,-1.61900000,0.65130000,-0.70550000
70.54000000,0.86810000,0.39650000,-1.20400000,-1.61900000,0.65110000,-0.70550000
70.57000000,0.86830000,0.39640000,-1.20400000,-1.61900000,0.65090000,-0.70550000
70.69000000,0.86850000,0.39630000,-1.20400000,-1.61900000,0.65080000,-0.70550000
70.76000000,0.86890000,0.39610000,-1.20500000,-1.61900000,0.65040000,-0.70550000
70.76000000,0.86870000,0.39610000,-1.20400000,-1.61900000,0.65050000,-0.70550000
70.83000000,0.86900000,0.39600000,-1.20500000,-1.61900000,0.65030000,-0.70550000
70.83000000,0.86910000,0.39590000,-1.20500000,-1.61900000,0.65020000,-0.70550000
70.98000000,0.86920000,0.39580000,-1.20500000,-1.61900000,0.65000000,-0.70550000
71.01000000,0.86970000,0.39560000,-1.20500000,-1.61900000,0.64960000,-0.70550000
71.01000000,0.86950000,0.39570000,-1.20500000,-1.61900000,0.64980000,-0.70550000
71.10000000,0.86980000,0.39550000,-1.20500000,-1.61900000,0.64950000,-0.70540000
71.13000000,0.86990000,0.39530000,-1.20600000,-1.61900000,0.64890000,-0.70550000
71.16000000,0.87000000,0.39520000,-1.20600000,-1.61900000,0.64880000,-0.70550000
71.23000000,0.87020000,0.39530000,-1.20600000,-1.61900000,0.64920000,-0.70540000
71.26000000,0.87030000,0.39520000,-1.20600000,-1.61900000,0.64900000,-0.70540000
71.29000000,0.87030000,0.39520000,-1.20600000,-1.61900000,0.64890000,-0.70540000
71.35000000,0.87040000,0.39510000,-1.20600000,-1.61900000,0.64880000,-0.70550000
71.38000000,0.87060000,0.39500000,-1.20600000,-1.61900000,0.64850000,-0.70550000
71.44000000,0.87070000,0.39490000,-1.20600000,-1.61900000,0.64840000,-0.70540000
71.47000000,0.87090000,0.39480000,-1.20600000,-1.62000000,0.64830000,-0.70540000
71.53000000,0.87100000,0.39480000,-1.20600000,-1.62000000,0.64830000,-0.70540000
71.56000000,0.87110000,0.39470000,-1.20700000,-1.62000000,0.64810000,-0.70540000
71.62000000,0.87140000,0.39450000,-1.20700000,-1.62000000,0.64790000,-0.70540000
71.62000000,0.87120000,0.39460000,-1.20700000,-1.62000000,0.64790000,-0.70540000
71.71000000,0.87140000,0.39450000,-1.20700000,-1.62000000,0.64770000,-0.70540000
71.74000000,0.87160000,0.39440000,-1.20700000,-1.62000000,0.64760000,-0.70540000
71.80000000,0.87170000,0.39430000,-1.20700000,-1.62000000,0.64740000,-0.70540000
71.83000000,0.87190000,0.39420000,-1.20700000,-1.62000000,0.64730000,-0.70540000
71.86000000,0.87200000,0.39420000,-1.20700000,-1.62000000,0.64720000,-0.70540000
71.92000000,0.87200000,0.39410000,-1.20700000,-1.62000000,0.64710000,-0.70540000
71.95000000,0.87210000,0.39410000,-1.20800000,-1.62000000,0.64710000,-0.70540000
71.98000000,0.87220000,0.39400000,-1.20800000,-1.62000000,0.64700000,-0.70540000
72.04000000,0.87230000,0.39390000,-1.20800000,-1.62000000,0.64680000,-0.70540000
72.04000000,0.87230000,0.39390000,-1.20800000,-1.62000000,0.64680000,-0.70540000
72.16000000,0.87250000,0.39380000,-1.20800000,-1.62000000,0.64650000,-0.70540000
72.16000000,0.87240000,0.39390000,-1.20800000,-1.62000000,0.64670000,-0.70540000
72.22000000,0.87270000,0.39380000,-1.20800000,-1.62000000,0.64660000,-0.70540000
72.25000000,0.87270000,0.39360000,-1.20800000,-1.62000000,0.64630000,-0.70540000
72.28000000,0.87280000,0.39360000,-1.20800000,-1.62000000,0.64620000,-0.70540000
72.34000000,0.87300000,0.39350000,-1.20800000,-1.62000000,0.64610000,-0.70540000
72.34000000,0.87290000,0.39360000,-1.20800000,-1.62000000,0.64640000,-0.70540000
72.40000000,0.87300000,0.39350000,-1.20800000,-1.62000000,0.64600000,-0.70540000
72.46000000,0.87320000,0.39340000,-1.20900000,-1.62000000,0.64590000,-0.70540000
72.53000000,0.87330000,0.39340000,-1.20900000,-1.62000000,0.64600000,-0.70540000
72.53000000,0.87340000,0.39330000,-1.20900000,-1.62000000,0.64590000,-0.70540000
72.61000000,0.87350000,0.39330000,-1.20900000,-1.62000000,0.64580000,-0.70540000
72.64000000,0.87360000,0.39320000,-1.20900000,-1.62000000,0.64570000,-0.70540000
72.67000000,0.87360000,0.39310000,-1.20900000,-1.62000000,0.64540000,-0.70540000
72.73000000,0.87370000,0.39310000,-1.20900000,-1.62000000,0.64540000,-0.70540000
72.76000000,0.87380000,0.39310000,-1.20900000,-1.62000000,0.64530000,-0.70540000
72.76000000,0.87380000,0.39300000,-1.20900000,-1.62000000,0.64530000,-0.70540000
72.85000000,0.87390000,0.39300000,-1.20900000,-1.62000000,0.64540000,-0.70540000
72.88000000,0.87400000,0.39300000,-1.20900000,-1.62000000,0.64530000,-0.70540000
72.88000000,0.87400000,0.39290000,-1.20900000,-1.62100000,0.64520000,-0.70540000
72.99000000,0.87410000,0.39290000,-1.20900000,-1.62100000,0.64510000,-0.70540000
72.99000000,0.87420000,0.39290000,-1.20900000,-1.62100000,0.64510000,-0.70540000
73.05000000,0.87430000,0.39270000,-1.21000000,-1.62100000,0.64480000,-0.70540000
73.11000000,0.87440000,0.39270000,-1.21000000,-1.62100000,0.64470000,-0.70540000
73.11000000,0.87440000,0.39270000,-1.21000000,-1.62100000,0.64470000,-0.70540000
73.21000000,0.87460000,0.39260000,-1.21000000,-1.62100000,0.64450000,-0.70530000
73.21000000,0.87450000,0.39260000,-1.21000000,-1.62100000,0.64470000,-0.70540000
73.27000000,0.87470000,0.39250000,-1.21000000,-1.62100000,0.64440000,-0.70530000
73.33000000,0.87480000,0.39240000,-1.21000000,-1.62100000,0.64420000,-0.70540000
73.33000000,0.87490000,0.39240000,-1.21000000,-1.62100000,0.64420000,-0.70530000
73.39000000,0.87500000,0.39230000,-1.21000000,-1.62100000,0.64410000,-0.70540000
73.45000000,0.87510000,0.39230000,-1.21000000,-1.62100000,0.64430000,-0.70530000
73.45000000,0.87510000,0.39220000,-1.21000000,-1.62100000,0.64390000,-0.70530000
73.54000000,0.87520000,0.39220000,-1.21000000,-1.62100000,0.64380000,-0.70530000
73.57000000,0.87530000,0.39220000,-1.21000000,-1.62100000,0.64390000,-0.70530000
73.63000000,0.87540000,0.39210000,-1.21000000,-1.62100000,0.64390000,-0.70530000
73.69000000,0.87550000,0.39210000,-1.21100000,-1.62100000,0.64380000,-0.70530000
73.69000000,0.87560000,0.39200000,-1.21100000,-1.62100000,0.64370000,-0.70530000
73.75000000,0.87560000,0.39200000,-1.21100000,-1.62100000,0.64370000,-0.70530000
73.81000000,0.87570000,0.39190000,-1.21100000,-1.62100000,0.64330000,-0.70530000
73.81000000,0.87570000,0.39200000,-1.21100000,-1.62100000,0.64360000,-0.70530000
73.87000000,0.87580000,0.39180000,-1.21100000,-1.62100000,0.64330000,-0.70530000
73.87000000,0.87580000,0.39180000,-1.21100000,-1.62100000,0.64320000,-0.70530000
73.99000000,0.87590000,0.39190000,-1.21100000,-1.62100000,0.64340000,-0.70530000
74.02000000,0.87610000,0.39160000,-1.21100000,-1.62100000,0.64290000,-0.70530000
74.08000000,0.87630000,0.39160000,-1.21100000,-1.62100000,0.64310000,-0.70530000
74.11000000,0.87640000,0.39150000,-1.21100000,-1.62100000,0.64270000,-0.70530000
74.14000000,0.87650000,0.39150000,-1.21100000,-1.62100000,0.64270000,-0.70530000
74.20000000,0.87660000,0.39140000,-1.21100000,-1.62100000,0.64260000,-0.70530000
74.20000000,0.87660000,0.39140000,-1.21200000,-1.62100000,0.64260000,-0.70530000
74.32000000,0.87670000,0.39140000,-1.21200000,-1.62100000,0.64260000,-0.70530000
74.32000000,0.87680000,0.39130000,-1.21200000,-1.62100000,0.64250000,-0.70530000
74.38000000,0.87690000,0.39130000,-1.21200000,-1.62100000,0.64240000,-0.70530000
74.44000000,0.87690000,0.39110000,-1.21200000,-1.62100000,0.64210000,-0.70530000
74.44000000,0.87700000,0.39110000,-1.21200000,-1.62100000,0.64210000,-0.70530000
74.51000000,0.87710000,0.39110000,-1.21200000,-1.62100000,0.64200000,-0.70530000
74.51000000,0.87710000,0.39110000,-1.21200000,-1.62100000,0.64200000,-0.70530000
74.58000000,0.87720000,0.39100000,-1.21200000,-1.62200000,0.64190000,-0.70530000
74.58000000,0.87720000,0.39100000,-1.21200000,-1.62200000,0.64190000,-0.70530000
74.61000000,0.87730000,0.39100000,-1.21200000,-1.62200000,0.64180000,-0.70530000
74.67000000,0.87740000,0.39100000,-1.21200000,-1.62200000,0.64190000,-0.70530000
74.70000000,0.87740000,0.39100000,-1.21200000,-1.62200000,0.64190000,-0.70530000
74.80000000,0.87760000,0.39090000,-1.21200000,-1.62200000,0.64170000,-0.70530000
74.80000000,0.87750000,0.39100000,-1.21200000,-1.62200000,0.64190000,-0.70530000
74.86000000,0.87770000,0.39080000,-1.21200000,-1.62200000,0.64160000,-0.70530000
74.92000000,0.87770000,0.39070000,-1.21300000,-1.62200000,0.64130000,-0.70530000
74.98000000,0.87780000,0.39060000,-1.21300000,-1.62200000,0.64130000,-0.70530000
75.01000000,0.87790000,0.39060000,-1.21300000,-1.62200000,0.64120000,-0.70530000
75.10000000,0.87800000,0.39060000,-1.21300000,-1.62200000,0.64110000,-0.70530000
75.10000000,0.87810000,0.39050000,-1.21300000,-1.62200000,0.64100000,-0.70530000
75.17000000,0.87820000,0.39050000,-1.21300000,-1.62200000,0.64110000,-0.70530000
75.17000000,0.87820000,0.39050000,-1.21300000,-1.62200000,0.64110000,-0.70530000
75.25000000,0.87830000,0.39040000,-1.21300000,-1.62200000,0.64100000,-0.70530000
75.28000000,0.87840000,0.39040000,-1.21300000,-1.62200000,0.64090000,-0.70520000
75.28000000,0.87830000,0.39040000,-1.21300000,-1.62200000,0.64090000,-0.70530000
75.37000000,0.87840000,0.39030000,-1.21300000,-1.62200000,0.64080000,-0.70520000
75.40000000,0.87850000,0.39030000,-1.21300000,-1.62200000,0.64080000,-0.70520000
75.40000000,0.87850000,0.39030000,-1.21300000,-1.62200000,0.64080000,-0.70520000
75.49000000,0.87860000,0.39020000,-1.21300000,-1.62200000,0.64050000,-0.70520000
75.52000000,0.87870000,0.39020000,-1.21300000,-1.62200000,0.64070000,-0.70520000
75.58000000,0.87870000,0.39010000,-1.21300000,-1.62200000,0.64030000,-0.70520000
75.58000000,0.87870000,0.39020000,-1.21300000,-1.62200000,0.64060000,-0.70520000
75.67000000,0.87880000,0.39010000,-1.21300000,-1.62200000,0.64050000,-0.70520000
75.70000000,0.87890000,0.39010000,-1.21400000,-1.62200000,0.64030000,-0.70520000
75.76000000,0.87900000,0.39010000,-1.21400000,-1.62200000,0.64030000,-0.70520000
75.76000000,0.87900000,0.39000000,-1.21400000,-1.62200000,0.64030000,-0.70520000
75.91000000,0.87910000,0.39000000,-1.21400000,-1.62200000,0.64020000,-0.70520000
75.97000000,0.87920000,0.38980000,-1.21400000,-1.62200000,0.63980000,-0.70520000
75.97000000,0.87930000,0.38980000,-1.21400000,-1.62200000,0.63980000,-0.70520000
76.10000000,0.87940000,0.38970000,-1.21400000,-1.62200000,0.63960000,-0.70520000
76.13000000,0.87960000,0.38970000,-1.21400000,-1.62200000,0.63970000,-0.70520000
76.13000000,0.87950000,0.38970000,-1.21400000,-1.62200000,0.63960000,-0.70520000
76.16000000,0.87960000,0.38960000,-1.21400000,-1.62200000,0.63960000,-0.70520000
76.23000000,0.87970000,0.38960000,-1.21400000,-1.62200000,0.63950000,-0.70520000
76.29000000,0.87970000,0.38960000,-1.21400000,-1.62200000,0.63960000,-0.70520000
76.32000000,0.87980000,0.38960000,-1.21400000,-1.62200000,0.63950000,-0.70520000
76.43000000,0.87990000,0.38950000,-1.21400000,-1.62200000,0.63940000,-0.70520000
76.43000000,0.87980000,0.38960000,-1.21400000,-1.62200000,0.63950000,-0.70520000
76.51000000,0.88000000,0.38950000,-1.21400000,-1.62200000,0.63930000,-0.70520000
76.54000000,0.88010000,0.38940000,-1.21400000,-1.62200000,0.63930000,-0.70520000
76.57000000,0.88010000,0.38930000,-1.21500000,-1.62200000,0.63900000,-0.70520000
76.60000000,0.88010000,0.38930000,-1.21500000,-1.62200000,0.63890000,-0.70520000
76.66000000,0.88020000,0.38940000,-1.21500000,-1.62200000,0.63910000,-0.70520000
76.69000000,0.88020000,0.38920000,-1.21500000,-1.62200000,0.63880000,-0.70520000
76.75000000,0.88030000,0.38930000,-1.21500000,-1.62200000,0.63910000,-0.70520000
76.78000000,0.88030000,0.38920000,-1.21500000,-1.62200000,0.63890000,-0.70520000
76.84000000,0.88050000,0.38920000,-1.21500000,-1.62300000,0.63880000,-0.70520000
76.84000000,0.88040000,0.38920000,-1.21500000,-1.62300000,0.63890000,-0.70520000
76.93000000,0.88050000,0.38910000,-1.21500000,-1.62300000,0.63880000,-0.70520000
76.99000000,0.88060000,0.38910000,-1.21500000,-1.62300000,0.63870000,-0.70520000
76.99000000,0.88060000,0.38910000,-1.21500000,-1.62300000,0.63870000,-0.70520000
77.07000000,0.88060000,0.38910000,-1.21500000,-1.62300000,0.63860000,-0.70520000
77.07000000,0.88070000,0.38900000,-1.21500000,-1.62300000,0.63860000,-0.70520000
77.14000000,0.88070000,0.38900000,-1.21500000,-1.62300000,0.63860000,-0.70520000
77.17000000,0.88080000,0.38900000,-1.21500000,-1.62300000,0.63850000,-0.70520000
77.17000000,0.88080000,0.38900000,-1.21500000,-1.62300000,0.63850000,-0.70520000
77.26000000,0.88080000,0.38900000,-1.21500000,-1.62300000,0.63850000,-0.70520000
77.29000000,0.88090000,0.38890000,-1.21500000,-1.62300000,0.63840000,-0.70520000
77.35000000,0.88100000,0.38890000,-1.21500000,-1.62300000,0.63830000,-0.70520000
77.38000000,0.88100000,0.38890000,-1.21500000,-1.62300000,0.63830000,-0.70520000
77.41000000,0.88110000,0.38880000,-1.21500000,-1.62300000,0.63830000,-0.70520000
77.47000000,0.88110000,0.38880000,-1.21500000,-1.62300000,0.63820000,-0.70520000
77.47000000,0.88120000,0.38880000,-1.21500000,-1.62300000,0.63820000,-0.70520000
77.59000000,0.88120000,0.38880000,-1.21500000,-1.62300000,0.63810000,-0.70520000
77.59000000,0.88130000,0.38870000,-1.21600000,-1.62300000,0.63810000,-0.70520000
77.65000000,0.88130000,0.38870000,-1.21600000,-1.62300000,0.63800000,-0.70520000
77.71000000,0.88140000,0.38850000,-1.21600000,-1.62300000,0.63760000,-0.70520000
77.71000000,0.88140000,0.38870000,-1.21600000,-1.62300000,0.63800000,-0.70510000
77.77000000,0.88150000,0.38860000,-1.21600000,-1.62300000,0.63780000,-0.70510000
77.83000000,0.88150000,0.38860000,-1.21600000,-1.62300000,0.63780000,-0.70510000
77.83000000,0.88160000,0.38860000,-1.21600000,-1.62300000,0.63780000,-0.70510000
77.89000000,0.88160000,0.38850000,-1.21600000,-1.62300000,0.63770000,-0.70510000
78.00000000,0.88160000,0.38850000,-1.21600000,-1.62300000,0.63770000,-0.70510000
78.03000000,0.88170000,0.38850000,-1.21600000,-1.62300000,0.63760000,-0.70510000
78.03000000,0.88170000,0.38840000,-1.21600000,-1.62300000,0.63750000,-0.70510000
78.12000000,0.88170000,0.38840000,-1.21600000,-1.62300000,0.63750000,-0.70510000
78.12000000,0.88180000,0.38840000,-1.21600000,-1.62300000,0.63750000,-0.70510000
78.18000000,0.88180000,0.38840000,-1.21600000,-1.62300000,0.63750000,-0.70510000
78.21000000,0.88190000,0.38840000,-1.21600000,-1.62300000,0.63740000,-0.70510000
78.21000000,0.88180000,0.38840000,-1.21600000,-1.62300000,0.63740000,-0.70510000
78.30000000,0.88190000,0.38830000,-1.21600000,-1.62300000,0.63730000,-0.70510000
78.33000000,0.88190000,0.38830000,-1.21600000,-1.62300000,0.63730000,-0.70510000
78.33000000,0.88200000,0.38830000,-1.21600000,-1.62300000,0.63730000,-0.70510000
78.39000000,0.88200000,0.38830000,-1.21600000,-1.62300000,0.63720000,-0.70510000
78.42000000,0.88200000,0.38830000,-1.21600000,-1.62300000,0.63720000,-0.70510000
78.53000000,0.88210000,0.38830000,-1.21600000,-1.62300000,0.63730000,-0.70510000
78.53000000,0.88210000,0.38820000,-1.21600000,-1.62300000,0.63710000,-0.70510000
78.61000000,0.88220000,0.38820000,-1.21600000,-1.62300000,0.63700000,-0.70510000
78.64000000,0.88220000,0.38810000,-1.21600000,-1.62300000,0.63700000,-0.70510000
78.64000000,0.88230000,0.38810000,-1.21600000,-1.62300000,0.63700000,-0.70510000
78.73000000,0.88230000,0.38810000,-1.21600000,-1.62300000,0.63690000,-0.70510000
78.76000000,0.88240000,0.38810000,-1.21600000,-1.62300000,0.63690000,-0.70510000
78.76000000,0.88240000,0.38810000,-1.21700000,-1.62300000,0.63690000,-0.70510000
78.85000000,0.88240000,0.38800000,-1.21700000,-1.62300000,0.63680000,-0.70510000
78.88000000,0.88250000,0.38800000,-1.21700000,-1.62300000,0.63680000,-0.70510000
79.00000000,0.88250000,0.38800000,-1.21700000,-1.62300000,0.63680000,-0.70510000
79.03000000,0.88260000,0.38800000,-1.21700000,-1.62300000,0.63670000,-0.70510000
79.06000000,0.88260000,0.38800000,-1.21700000,-1.62300000,0.63670000,-0.70510000
79.12000000,0.88260000,0.38790000,-1.21700000,-1.62300000,0.63660000,-0.70510000
79.15000000,0.88270000,0.38790000,-1.21700000,-1.62300000,0.63660000,-0.70510000
79.15000000,0.88270000,0.38790000,-1.21700000,-1.62300000,0.63660000,-0.70510000
79.24000000,0.88270000,0.38790000,-1.21700000,-1.62300000,0.63660000,-0.70510000
79.27000000,0.88280000,0.38780000,-1.21700000,-1.62300000,0.63650000,-0.70510000
79.27000000,0.88280000,0.38780000,-1.21700000,-1.62300000,0.63650000,-0.70510000
79.36000000,0.88280000,0.38780000,-1.21700000,-1.62300000,0.63650000,-0.70510000
79.39000000,0.88290000,0.38780000,-1.21700000,-1.62300000,0.63640000,-0.70510000
79.46000000,0.88290000,0.38770000,-1.21700000,-1.62300000,0.63630000,-0.70510000
79.46000000,0.88300000,0.38770000,-1.21700000,-1.62300000,0.63630000,-0.70510000
79.53000000,0.88300000,0.38770000,-1.21700000,-1.62300000,0.63620000,-0.70510000
79.53000000,0.88300000,0.38770000,-1.21700000,-1.62300000,0.63620000,-0.70510000
79.56000000,0.88310000,0.38770000,-1.21700000,-1.62300000,0.63630000,-0.70510000
79.62000000,0.88310000,0.38770000,-1.21700000,-1.62300000,0.63620000,-0.70510000
79.65000000,0.88310000,0.38770000,-1.21700000,-1.62300000,0.63620000,-0.70510000
79.72000000,0.88310000,0.38770000,-1.21700000,-1.62300000,0.63620000,-0.70510000
79.75000000,0.88320000,0.38760000,-1.21700000,-1.62300000,0.63600000,-0.70510000
79.81000000,0.88320000,0.38760000,-1.21700000,-1.62300000,0.63600000,-0.70510000
79.84000000,0.88330000,0.38760000,-1.21700000,-1.62300000,0.63600000,-0.70510000
79.93000000,0.88330000,0.38760000,-1.21700000,-1.62300000,0.63600000,-0.70510000
79.93000000,0.88330000,0.38750000,-1.21700000,-1.62300000,0.63590000,-0.70510000
80.00000000,0.88340000,0.38750000,-1.21700000,-1.62300000,0.63600000,-0.70510000
80.00000000,0.88340000,0.38750000,-1.21700000,-1.62300000,0.63580000,-0.70510000
80.07000000,0.88340000,0.38750000,-1.21700000,-1.62300000,0.63590000,-0.70510000
80.10000000,0.88350000,0.38740000,-1.21700000,-1.62300000,0.63580000,-0.70510000
80.10000000,0.88350000,0.38750000,-1.21700000,-1.62300000,0.63580000,-0.70510000
80.19000000,0.88350000,0.38740000,-1.21700000,-1.62300000,0.63580000,-0.70510000
80.22000000,0.88360000,0.38740000,-1.21700000,-1.62300000,0.63580000,-0.70510000
80.28000000,0.88360000,0.38740000,-1.21700000,-1.62300000,0.63580000,-0.70510000
80.28000000,0.88360000,0.38740000,-1.21800000,-1.62300000,0.63570000,-0.70510000
80.34000000,0.88360000,0.38740000,-1.21800000,-1.62400000,0.63570000,-0.70510000
80.37000000,0.88370000,0.38730000,-1.21800000,-1.62400000,0.63560000,-0.70510000
80.40000000,0.88370000,0.38730000,-1.21800000,-1.62400000,0.63560000,-0.70510000
80.46000000,0.88370000,0.38730000,-1.21800000,-1.62400000,0.63550000,-0.70510000
80.49000000,0.88370000,0.38730000,-1.21800000,-1.62400000,0.63550000,-0.70510000
80.56000000,0.88380000,0.38730000,-1.21800000,-1.62400000,0.63560000,-0.70510000
80.59000000,0.88380000,0.38730000,-1.21800000,-1.62400000,0.63550000,-0.70510000
80.65000000,0.88380000,0.38720000,-1.21800000,-1.62400000,0.63550000,-0.70510000
80.68000000,0.88390000,0.38720000,-1.21800000,-1.62400000,0.63550000,-0.70510000
80.77000000,0.88390000,0.38720000,-1.21800000,-1.62400000,0.63530000,-0.70510000
80.77000000,0.88400000,0.38720000,-1.21800000,-1.62400000,0.63530000,-0.70510000
80.83000000,0.88400000,0.38720000,-1.21800000,-1.62400000,0.63530000,-0.70510000
80.89000000,0.88410000,0.38710000,-1.21800000,-1.62400000,0.63520000,-0.70510000
80.89000000,0.88400000,0.38710000,-1.21800000,-1.62400000,0.63530000,-0.70510000
81.00000000,0.88410000,0.38710000,-1.21800000,-1.62400000,0.63520000,-0.70510000
81.00000000,0.88410000,0.38710000,-1.21800000,-1.62400000,0.63530000,-0.70510000
81.03000000,0.88410000,0.38710000,-1.21800000,-1.62400000,0.63520000,-0.70510000
81.09000000,0.88420000,0.38710000,-1.21800000,-1.62400000,0.63520000,-0.70510000
81.12000000,0.88420000,0.38710000,-1.21800000,-1.62400000,0.63520000,-0.70510000
81.19000000,0.88420000,0.38700000,-1.21800000,-1.62400000,0.63510000,-0.70510000
81.22000000,0.88430000,0.38700000,-1.21800000,-1.62400000,0.63500000,-0.70510000
81.22000000,0.88420000,0.38700000,-1.21800000,-1.62400000,0.63510000,-0.70510000
81.31000000,0.88430000,0.38700000,-1.21800000,-1.62400000,0.63500000,-0.70510000
81.34000000,0.88430000,0.38700000,-1.21800000,-1.62400000,0.63490000,-0.70510000
81.34000000,0.88430000,0.38700000,-1.21800000,-1.62400000,0.63510000,-0.70510000
81.43000000,0.88430000,0.38700000,-1.21800000,-1.62400000,0.63500000,-0.70510000
81.46000000,0.88440000,0.38690000,-1.21800000,-1.62400000,0.63490000,-0.70510000
81.52000000,0.88440000,0.38690000,-1.21800000,-1.62400000,0.63490000,-0.70510000
81.55000000,0.88450000,0.38690000,-1.21800000,-1.62400000,0.63490000,-0.70510000
81.58000000,0.88450000,0.38690000,-1.21800000,-1.62400000,0.63490000,-0.70510000
81.64000000,0.88450000,0.38680000,-1.21800000,-1.62400000,0.63470000,-0.70510000
81.67000000,0.88450000,0.38680000,-1.21800000,-1.62400000,0.63470000,-0.70510000
81.70000000,0.88460000,0.38680000,-1.21800000,-1.62400000,0.63470000,-0.70510000
81.76000000,0.88460000,0.38680000,-1.21800000,-1.62400000,0.63470000,-0.70510000
81.79000000,0.88460000,0.38680000,-1.21800000,-1.62400000,0.63470000,-0.70510000
81.82000000,0.88460000,0.38680000,-1.21800000,-1.62400000,0.63460000,-0.70510000
81.88000000,0.88470000,0.38680000,-1.21800000,-1.62400000,0.63460000,-0.70510000
81.88000000,0.88470000,0.38680000,-1.21800000,-1.62400000,0.63470000,-0.70510000
82.04000000,0.88470000,0.38680000,-1.21800000,-1.62400000,0.63460000,-0.70510000
82.04000000,0.88480000,0.38670000,-1.21800000,-1.62400000,0.63460000,-0.70510000
82.11000000,0.88480000,0.38670000,-1.21900000,-1.62400000,0.63440000,-0.70510000
82.14000000,0.88480000,0.38670000,-1.21900000,-1.62400000,0.63440000,-0.70510000
82.14000000,0.88490000,0.38670000,-1.21900000,-1.62400000,0.63440000,-0.70510000
82.23000000,0.88490000,0.38660000,-1.21900000,-1.62400000,0.63440000,-0.70510000
82.26000000,0.88490000,0.38660000,-1.21900000,-1.62400000,0.63440000,-0.70510000
82.26000000,0.88490000,0.38660000,-1.21900000,-1.62400000,0.63440000,-0.70510000
82.32000000,0.88490000,0.38660000,-1.21900000,-1.62400000,0.63440000,-0.70500000
82.35000000,0.88500000,0.38660000,-1.21900000,-1.62400000,0.63440000,-0.70500000
82.47000000,0.88500000,0.38660000,-1.21900000,-1.62400000,0.63440000,-0.70500000
82.50000000,0.88510000,0.38660000,-1.21900000,-1.62400000,0.63430000,-0.70500000
82.50000000,0.88500000,0.38660000,-1.21900000,-1.62400000,0.63430000,-0.70500000
82.56000000,0.88510000,0.38650000,-1.21900000,-1.62400000,0.63420000,-0.70500000
82.59000000,0.88510000,0.38650000,-1.21900000,-1.62400000,0.63420000,-0.70500000
82.66000000,0.88510000,0.38650000,-1.21900000,-1.62400000,0.63410000,-0.70500000
82.69000000,0.88510000,0.38650000,-1.21900000,-1.62400000,0.63420000,-0.70500000
82.78000000,0.88520000,0.38650000,-1.21900000,-1.62400000,0.63420000,-0.70500000
82.81000000,0.88520000,0.38650000,-1.21900000,-1.62400000,0.63420000,-0.70500000
82.84000000,0.88520000,0.38650000,-1.21900000,-1.62400000,0.63420000,-0.70500000
82.88000000,0.88520000,0.38650000,-1.21900000,-1.62400000,0.63410000,-0.70500000
82.88000000,0.88520000,0.38650000,-1.21900000,-1.62400000,0.63410000,-0.70500000
82.95000000,0.88520000,0.38650000,-1.21900000,-1.62400000,0.63410000,-0.70500000
82.95000000,0.88520000,0.38650000,-1.21900000,-1.62400000,0.63410000,-0.70500000
83.05000000,0.88530000,0.38650000,-1.21900000,-1.62400000,0.63410000,-0.70500000
83.05000000,0.88530000,0.38640000,-1.21900000,-1.62400000,0.63410000,-0.70500000
83.12000000,0.88530000,0.38640000,-1.21900000,-1.62400000,0.63400000,-0.70500000
83.12000000,0.88530000,0.38640000,-1.21900000,-1.62400000,0.63390000,-0.70500000
83.19000000,0.88530000,0.38640000,-1.21900000,-1.62400000,0.63390000,-0.70500000
83.19000000,0.88530000,0.38640000,-1.21900000,-1.62400000,0.63400000,-0.70500000
83.22000000,0.88540000,0.38640000,-1.21900000,-1.62400000,0.63390000,-0.70500000
83.28000000,0.88540000,0.38640000,-1.21900000,-1.62400000,0.63390000,-0.70500000
83.31000000,0.88540000,0.38640000,-1.21900000,-1.62400000,0.63390000,-0.70500000
83.38000000,0.88540000,0.38630000,-1.21900000,-1.62400000,0.63390000,-0.70500000
83.41000000,0.88550000,0.38630000,-1.21900000,-1.62400000,0.63390000,-0.70500000
83.47000000,0.88550000,0.38630000,-1.21900000,-1.62400000,0.63380000,-0.70500000
83.47000000,0.88550000,0.38630000,-1.21900000,-1.62400000,0.63390000,-0.70500000
83.54000000,0.88550000,0.38630000,-1.21900000,-1.62400000,0.63380000,-0.70500000
83.60000000,0.88560000,0.38630000,-1.21900000,-1.62400000,0.63380000,-0.70500000
83.60000000,0.88560000,0.38630000,-1.21900000,-1.62400000,0.63380000,-0.70500000
83.63000000,0.88560000,0.38630000,-1.21900000,-1.62400000,0.63380000,-0.70500000
83.72000000,0.88560000,0.38630000,-1.21900000,-1.62400000,0.63370000,-0.70500000
83.72000000,0.88560000,0.38630000,-1.21900000,-1.62400000,0.63370000,-0.70500000
83.80000000,0.88560000,0.38620000,-1.21900000,-1.62400000,0.63370000,-0.70500000
83.83000000,0.88560000,0.38620000,-1.21900000,-1.62400000,0.63370000,-0.70500000
83.86000000,0.88570000,0.38620000,-1.21900000,-1.62400000,0.63370000,-0.70500000
83.92000000,0.88570000,0.38620000,-1.21900000,-1.62400000,0.63370000,-0.70500000
84.01000000,0.88570000,0.38620000,-1.21900000,-1.62400000,0.63370000,-0.70500000
84.04000000,0.88570000,0.38620000,-1.21900000,-1.62400000,0.63360000,-0.70500000
84.04000000,0.88570000,0.38620000,-1.21900000,-1.62400000,0.63360000,-0.70500000
84.13000000,0.88580000,0.38620000,-1.21900000,-1.62400000,0.63360000,-0.70500000
84.16000000,0.88580000,0.38620000,-1.21900000,-1.62400000,0.63360000,-0.70500000
84.16000000,0.88580000,0.38620000,-1.21900000,-1.62400000,0.63360000,-0.70500000
84.23000000,0.88580000,0.38620000,-1.21900000,-1.62400000,0.63350000,-0.70500000
84.23000000,0.88580000,0.38620000,-1.21900000,-1.62400000,0.63350000,-0.70500000
84.30000000,0.88580000,0.38610000,-1.21900000,-1.62400000,0.63350000,-0.70500000
84.30000000,0.88580000,0.38610000,-1.21900000,-1.62400000,0.63350000,-0.70500000
84.37000000,0.88580000,0.38610000,-1.21900000,-1.62400000,0.63350000,-0.70500000
84.40000000,0.88590000,0.38610000,-1.21900000,-1.62400000,0.63350000,-0.70500000
84.43000000,0.88590000,0.38610000,-1.21900000,-1.62400000,0.63350000,-0.70500000
84.49000000,0.88590000,0.38610000,-1.21900000,-1.62400000,0.63340000,-0.70500000
84.52000000,0.88590000,0.38610000,-1.21900000,-1.62400000,0.63340000,-0.70500000
84.59000000,0.88600000,0.38610000,-1.21900000,-1.62400000,0.63340000,-0.70500000
84.59000000,0.88590000,0.38610000,-1.21900000,-1.62400000,0.63340000,-0.70500000
84.66000000,0.88600000,0.38610000,-1.21900000,-1.62400000,0.63340000,-0.70500000
84.66000000,0.88600000,0.38610000,-1.22000000,-1.62400000,0.63340000,-0.70500000
84.77000000,0.88600000,0.38600000,-1.22000000,-1.62400000,0.63330000,-0.70500000
84.77000000,0.88600000,0.38600000,-1.22000000,-1.62400000,0.63330000,-0.70500000
84.85000000,0.88600000,0.38600000,-1.22000000,-1.62400000,0.63320000,-0.70500000
84.88000000,0.88610000,0.38600000,-1.22000000,-1.62400000,0.63320000,-0.70500000
84.95000000,0.88610000,0.38590000,-1.22000000,-1.62400000,0.63310000,-0.70500000
84.95000000,0.88610000,0.38600000,-1.22000000,-1.62400000,0.63320000,-0.70500000
85.02000000,0.88610000,0.38600000,-1.22000000,-1.62400000,0.63320000,-0.70500000
85.02000000,0.88610000,0.38600000,-1.22000000,-1.62400000,0.63320000,-0.70500000
85.09000000,0.88620000,0.38590000,-1.22000000,-1.62400000,0.63310000,-0.70500000
85.12000000,0.88600000,0.38600000,-1.22000000,-1.62400000,0.63310000,-0.70500000
85.18000000,0.88580000,0.38600000,-1.22000000,-1.62400000,0.63310000,-0.70500000
85.18000000,0.88560000,0.38600000,-1.22000000,-1.62400000,0.63310000,-0.70500000
85.30000000,0.88480000,0.38620000,-1.21900000,-1.62400000,0.63310000,-0.70500000
85.30000000,0.88540000,0.38610000,-1.22000000,-1.62400000,0.63310000,-0.70500000
85.36000000,0.88430000,0.38640000,-1.21900000,-1.62400000,0.63330000,-0.70510000
85.42000000,0.88380000,0.38660000,-1.21900000,-1.62300000,0.63380000,-0.70520000
85.42000000,0.88340000,0.38700000,-1.21800000,-1.62300000,0.63460000,-0.70550000
85.48000000,0.88300000,0.38720000,-1.21800000,-1.62300000,0.63500000,-0.70550000
85.54000000,0.88250000,0.38740000,-1.21800000,-1.62300000,0.63530000,-0.70560000
85.54000000,0.88200000,0.38760000,-1.21700000,-1.62300000,0.63570000,-0.70560000
85.60000000,0.88160000,0.38780000,-1.21700000,-1.62300000,0.63610000,-0.70570000
85.66000000,0.88060000,0.38840000,-1.21600000,-1.62200000,0.63710000,-0.70580000
85.66000000,0.88110000,0.38810000,-1.21700000,-1.62200000,0.63660000,-0.70570000
85.72000000,0.88010000,0.38870000,-1.21600000,-1.62200000,0.63770000,-0.70590000
85.78000000,0.87960000,0.38900000,-1.21500000,-1.62200000,0.63820000,-0.70590000
85.78000000,0.87890000,0.38930000,-1.21500000,-1.62200000,0.63870000,-0.70600000
85.84000000,0.87840000,0.38960000,-1.21400000,-1.62100000,0.63930000,-0.70610000
85.90000000,0.87790000,0.38990000,-1.21400000,-1.62100000,0.63980000,-0.70620000
85.90000000,0.87730000,0.39020000,-1.21400000,-1.62100000,0.64030000,-0.70630000
86.05000000,0.87510000,0.39150000,-1.21200000,-1.62000000,0.64250000,-0.70640000
86.05000000,0.87680000,0.39050000,-1.21300000,-1.62100000,0.64100000,-0.70630000
86.11000000,0.87370000,0.39260000,-1.21000000,-1.62000000,0.64460000,-0.70630000
86.17000000,0.87270000,0.39320000,-1.20900000,-1.61900000,0.64560000,-0.70640000
86.17000000,0.87190000,0.39360000,-1.20800000,-1.61900000,0.64630000,-0.70650000
86.23000000,0.87120000,0.39400000,-1.20800000,-1.61900000,0.64700000,-0.70650000
86.29000000,0.87070000,0.39430000,-1.20700000,-1.61900000,0.64750000,-0.70650000
86.29000000,0.87020000,0.39460000,-1.20700000,-1.61900000,0.64800000,-0.70650000
86.35000000,0.86970000,0.39490000,-1.20600000,-1.61800000,0.64850000,-0.70650000
86.41000000,0.86880000,0.39520000,-1.20600000,-1.61800000,0.64880000,-0.70670000
86.41000000,0.86920000,0.39500000,-1.20600000,-1.61800000,0.64840000,-0.70670000
86.47000000,0.86850000,0.39550000,-1.20600000,-1.61800000,0.64930000,-0.70670000
86.53000000,0.86770000,0.39610000,-1.20500000,-1.61800000,0.65050000,-0.70670000
86.53000000,0.86810000,0.39590000,-1.20500000,-1.61800000,0.65010000,-0.70670000
86.59000000,0.86730000,0.39620000,-1.20500000,-1.61700000,0.65070000,-0.70730000
86.65000000,0.86660000,0.39690000,-1.20300000,-1.61700000,0.65180000,-0.70660000
86.65000000,0.86690000,0.39640000,-1.20400000,-1.61700000,0.65110000,-0.70740000
86.71000000,0.86630000,0.39700000,-1.20300000,-1.61700000,0.65210000,-0.70680000
86.71000000,0.86620000,0.39710000,-1.20300000,-1.61700000,0.65220000,-0.70680000
86.83000000,0.86610000,0.39710000,-1.20300000,-1.61700000,0.65230000,-0.70690000
86.83000000,0.86620000,0.39700000,-1.20300000,-1.61700000,0.65210000,-0.70700000
86.89000000,0.86640000,0.39690000,-1.20400000,-1.61700000,0.65190000,-0.70710000
86.89000000,0.86650000,0.39680000,-1.20400000,-1.61700000,0.65180000,-0.70710000
87.01000000,0.86660000,0.39670000,-1.20400000,-1.61700000,0.65170000,-0.70710000
87.01000000,0.86680000,0.39670000,-1.20400000,-1.61700000,0.65160000,-0.70700000
87.07000000,0.86690000,0.39670000,-1.20400000,-1.61700000,0.65150000,-0.70680000
87.13000000,0.86700000,0.39660000,-1.20400000,-1.61700000,0.65140000,-0.70670000
87.13000000,0.86700000,0.39660000,-1.20400000,-1.61800000,0.65130000,-0.70670000
87.19000000,0.86710000,0.39660000,-1.20400000,-1.61800000,0.65130000,-0.70650000
87.25000000,0.86730000,0.39630000,-1.20500000,-1.61700000,0.65090000,-0.70700000
87.25000000,0.86720000,0.39630000,-1.20400000,-1.61700000,0.65090000,-0.70710000
87.31000000,0.86740000,0.39620000,-1.20500000,-1.61700000,0.65060000,-0.70700000
87.37000000,0.86750000,0.39620000,-1.20500000,-1.61700000,0.65090000,-0.70680000
87.37000000,0.86760000,0.39630000,-1.20500000,-1.61700000,0.65110000,-0.70680000
87.43000000,0.86770000,0.39640000,-1.20400000,-1.61800000,0.65160000,-0.70680000
87.49000000,0.86780000,0.39640000,-1.20400000,-1.61800000,0.65150000,-0.70680000
87.49000000,0.86790000,0.39630000,-1.20400000,-1.61800000,0.65140000,-0.70680000
87.55000000,0.86800000,0.39620000,-1.20400000,-1.61800000,0.65100000,-0.70680000
87.62000000,0.86820000,0.39620000,-1.20500000,-1.61800000,0.65110000,-0.70680000
87.62000000,0.86810000,0.39620000,-1.20500000,-1.61800000,0.65110000,-0.70680000
87.69000000,0.86820000,0.39610000,-1.20500000,-1.61800000,0.65080000,-0.70660000
87.72000000,0.86830000,0.39600000,-1.20500000,-1.61800000,0.65080000,-0.70660000
87.72000000,0.86850000,0.39600000,-1.20500000,-1.61800000,0.65070000,-0.70660000
87.81000000,0.86850000,0.39590000,-1.20500000,-1.61800000,0.65060000,-0.70660000
87.84000000,0.86860000,0.39590000,-1.20500000,-1.61800000,0.65050000,-0.70660000
87.87000000,0.86870000,0.39590000,-1.20500000,-1.61800000,0.65050000,-0.70660000
87.97000000,0.86880000,0.39580000,-1.20500000,-1.61800000,0.65040000,-0.70660000
88.02000000,0.86910000,0.39560000,-1.20500000,-1.61800000,0.65010000,-0.70650000
88.12000000,0.86940000,0.39550000,-1.20600000,-1.61800000,0.64980000,-0.70640000
88.12000000,0.86960000,0.39540000,-1.20600000,-1.61800000,0.64980000,-0.70640000
88.18000000,0.86970000,0.39540000,-1.20600000,-1.61900000,0.64960000,-0.70640000
88.25000000,0.86980000,0.39530000,-1.20600000,-1.61900000,0.64960000,-0.70630000
88.25000000,0.86990000,0.39510000,-1.20600000,-1.61900000,0.64890000,-0.70620000
88.32000000,0.87000000,0.39520000,-1.20600000,-1.61900000,0.64930000,-0.70630000
88.35000000,0.87010000,0.39510000,-1.20600000,-1.61900000,0.64910000,-0.70630000
88.35000000,0.87020000,0.39510000,-1.20600000,-1.61900000,0.64910000,-0.70620000
88.45000000,0.87030000,0.39500000,-1.20600000,-1.61900000,0.64900000,-0.70620000
88.48000000,0.87040000,0.39500000,-1.20600000,-1.61900000,0.64890000,-0.70620000
88.48000000,0.87050000,0.39490000,-1.20600000,-1.61900000,0.64880000,-0.70620000
88.57000000,0.87050000,0.39480000,-1.20600000,-1.61900000,0.64860000,-0.70610000
88.60000000,0.87060000,0.39480000,-1.20700000,-1.61900000,0.64850000,-0.70610000
88.63000000,0.87070000,0.39480000,-1.20700000,-1.61900000,0.64840000,-0.70610000
88.69000000,0.87070000,0.39470000,-1.20700000,-1.61900000,0.64840000,-0.70610000
88.72000000,0.87090000,0.39460000,-1.20700000,-1.61900000,0.64820000,-0.70600000
88.78000000,0.87110000,0.39460000,-1.20700000,-1.61900000,0.64830000,-0.70600000
88.81000000,0.87120000,0.39450000,-1.20700000,-1.61900000,0.64800000,-0.70600000
88.84000000,0.87130000,0.39450000,-1.20700000,-1.61900000,0.64790000,-0.70590000
88.90000000,0.87140000,0.39440000,-1.20700000,-1.61900000,0.64770000,-0.70590000
88.90000000,0.87130000,0.39440000,-1.20700000,-1.61900000,0.64780000,-0.70590000
89.03000000,0.87150000,0.39430000,-1.20700000,-1.61900000,0.64760000,-0.70590000
89.03000000,0.87160000,0.39430000,-1.20700000,-1.61900000,0.64760000,-0.70590000
89.10000000,0.87180000,0.39410000,-1.20800000,-1.62000000,0.64730000,-0.70590000
89.10000000,0.87170000,0.39420000,-1.20700000,-1.61900000,0.64740000,-0.70590000
89.17000000,0.87190000,0.39410000,-1.20800000,-1.62000000,0.64720000,-0.70580000
89.20000000,0.87210000,0.39400000,-1.20800000,-1.62000000,0.64700000,-0.70580000
89.20000000,0.87200000,0.39400000,-1.20800000,-1.62000000,0.64710000,-0.70580000
89.29000000,0.87210000,0.39390000,-1.20800000,-1.62000000,0.64700000,-0.70580000
89.32000000,0.87230000,0.39390000,-1.20800000,-1.62000000,0.64680000,-0.70580000
89.38000000,0.87240000,0.39390000,-1.20800000,-1.62000000,0.64690000,-0.70580000
89.38000000,0.87250000,0.39380000,-1.20800000,-1.62000000,0.64690000,-0.70580000
89.50000000,0.87270000,0.39370000,-1.20800000,-1.62000000,0.64670000,-0.70570000
89.50000000,0.87260000,0.39380000,-1.20800000,-1.62000000,0.64680000,-0.70580000
89.56000000,0.87280000,0.39350000,-1.20800000,-1.62000000,0.64630000,-0.70570000
89.62000000,0.87300000,0.39350000,-1.20800000,-1.62000000,0.64620000,-0.70570000
89.62000000,0.87290000,0.39350000,-1.20800000,-1.62000000,0.64620000,-0.70570000
89.68000000,0.87300000,0.39340000,-1.20900000,-1.62000000,0.64610000,-0.70570000
89.74000000,0.87320000,0.39340000,-1.20900000,-1.62000000,0.64620000,-0.70570000
89.74000000,0.87310000,0.39340000,-1.20900000,-1.62000000,0.64620000,-0.70570000
89.80000000,0.87330000,0.39330000,-1.20900000,-1.62000000,0.64600000,-0.70570000
89.86000000,0.87340000,0.39330000,-1.20900000,-1.62000000,0.64590000,-0.70570000
89.86000000,0.87340000,0.39330000,-1.20900000,-1.62000000,0.64590000,-0.70560000
89.92000000,0.87350000,0.39320000,-1.20900000,-1.62000000,0.64590000,-0.70560000
90.03000000,0.87370000,0.39310000,-1.20900000,-1.62000000,0.64540000,-0.70560000
90.03000000,0.87360000,0.39320000,-1.20900000,-1.62000000,0.64580000,-0.70560000
90.10000000,0.87370000,0.39300000,-1.20900000,-1.62000000,0.64530000,-0.70560000
90.13000000,0.87380000,0.39300000,-1.20900000,-1.62000000,0.64530000,-0.70560000
90.13000000,0.87390000,0.39290000,-1.20900000,-1.62000000,0.64520000,-0.70560000
90.22000000,0.87400000,0.39290000,-1.20900000,-1.62000000,0.64510000,-0.70560000
90.25000000,0.87410000,0.39290000,-1.20900000,-1.62000000,0.64530000,-0.70560000
90.25000000,0.87420000,0.39290000,-1.20900000,-1.62000000,0.64520000,-0.70560000
90.34000000,0.87420000,0.39280000,-1.20900000,-1.62000000,0.64510000,-0.70560000
90.37000000,0.87430000,0.39280000,-1.21000000,-1.62000000,0.64500000,-0.70560000
90.43000000,0.87440000,0.39260000,-1.21000000,-1.62100000,0.64470000,-0.70550000
90.46000000,0.87450000,0.39260000,-1.21000000,-1.62100000,0.64460000,-0.70550000
90.52000000,0.87460000,0.39250000,-1.21000000,-1.62100000,0.64460000,-0.70550000
90.55000000,0.87470000,0.39250000,-1.21000000,-1.62100000,0.64450000,-0.70550000
90.61000000,0.87480000,0.39240000,-1.21000000,-1.62100000,0.64430000,-0.70550000
90.61000000,0.87490000,0.39230000,-1.21000000,-1.62100000,0.64420000,-0.70550000
90.73000000,0.87500000,0.39230000,-1.21000000,-1.62100000,0.64410000,-0.70550000
90.82000000,0.87520000,0.39230000,-1.21000000,-1.62100000,0.64420000,-0.70550000
90.82000000,0.87530000,0.39220000,-1.21000000,-1.62100000,0.64400000,-0.70550000
90.88000000,0.87540000,0.39200000,-1.21100000,-1.62100000,0.64370000,-0.70550000
90.94000000,0.87550000,0.39200000,-1.21100000,-1.62100000,0.64360000,-0.70550000
90.94000000,0.87560000,0.39190000,-1.21100000,-1.62100000,0.64360000,-0.70550000
91.03000000,0.87560000,0.39190000,-1.21100000,-1.62100000,0.64350000,-0.70550000
91.06000000,0.87580000,0.39180000,-1.21100000,-1.62100000,0.64330000,-0.70540000
91.12000000,0.87600000,0.39180000,-1.21100000,-1.62100000,0.64340000,-0.70550000
91.12000000,0.87590000,0.39180000,-1.21100000,-1.62100000,0.64340000,-0.70550000
91.25000000,0.87620000,0.39170000,-1.21100000,-1.62100000,0.64320000,-0.70540000
91.25000000,0.87610000,0.39170000,-1.21100000,-1.62100000,0.64330000,-0.70540000
91.32000000,0.87620000,0.39160000,-1.21100000,-1.62100000,0.64310000,-0.70540000
91.35000000,0.87630000,0.39150000,-1.21100000,-1.62100000,0.64280000,-0.70540000
91.35000000,0.87640000,0.39150000,-1.21100000,-1.62100000,0.64270000,-0.70540000
91.44000000,0.87640000,0.39150000,-1.21100000,-1.62100000,0.64270000,-0.70540000
91.44000000,0.87650000,0.39140000,-1.21200000,-1.62100000,0.64270000,-0.70540000
91.47000000,0.87650000,0.39140000,-1.21200000,-1.62100000,0.64260000,-0.70540000
91.53000000,0.87660000,0.39140000,-1.21200000,-1.62100000,0.64270000,-0.70540000
91.56000000,0.87670000,0.39140000,-1.21200000,-1.62100000,0.64270000,-0.70540000
91.66000000,0.87680000,0.39130000,-1.21200000,-1.62100000,0.64240000,-0.70540000
91.66000000,0.87670000,0.39140000,-1.21200000,-1.62100000,0.64260000,-0.70540000
91.72000000,0.87690000,0.39120000,-1.21200000,-1.62100000,0.64240000,-0.70540000
91.78000000,0.87700000,0.39110000,-1.21200000,-1.62100000,0.64210000,-0.70540000
91.78000000,0.87700000,0.39110000,-1.21200000,-1.62100000,0.64210000,-0.70540000
91.84000000,0.87710000,0.39100000,-1.21200000,-1.62100000,0.64200000,-0.70540000
91.90000000,0.87720000,0.39100000,-1.21200000,-1.62100000,0.64190000,-0.70540000
91.90000000,0.87710000,0.39100000,-1.21200000,-1.62100000,0.64200000,-0.70540000
91.96000000,0.87730000,0.39100000,-1.21200000,-1.62100000,0.64210000,-0.70540000
92.02000000,0.87730000,0.39100000,-1.21200000,-1.62100000,0.64200000,-0.70540000
92.02000000,0.87740000,0.39100000,-1.21200000,-1.62200000,0.64200000,-0.70540000
92.08000000,0.87740000,0.39090000,-1.21200000,-1.62200000,0.64190000,-0.70540000
92.14000000,0.87750000,0.39090000,-1.21200000,-1.62200000,0.64170000,-0.70540000
92.14000000,0.87750000,0.39090000,-1.21200000,-1.62200000,0.64190000,-0.70540000
92.20000000,0.87760000,0.39080000,-1.21200000,-1.62200000,0.64170000,-0.70530000
92.26000000,0.87760000,0.39080000,-1.21200000,-1.62200000,0.64170000,-0.70530000
92.26000000,0.87770000,0.39070000,-1.21300000,-1.62200000,0.64140000,-0.70530000
92.32000000,0.87770000,0.39070000,-1.21300000,-1.62200000,0.64140000,-0.70530000
92.39000000,0.87780000,0.39060000,-1.21300000,-1.62200000,0.64120000,-0.70530000
92.39000000,0.87780000,0.39070000,-1.21300000,-1.62200000,0.64160000,-0.70530000
92.47000000,0.87790000,0.39070000,-1.21300000,-1.62200000,0.64140000,-0.70530000
92.50000000,0.87790000,0.39060000,-1.21300000,-1.62200000,0.64140000,-0.70530000
92.50000000,0.87800000,0.39060000,-1.21300000,-1.62200000,0.64140000,-0.70530000
92.56000000,0.87800000,0.39060000,-1.21300000,-1.62200000,0.64130000,-0.70530000
92.62000000,0.87810000,0.39060000,-1.21300000,-1.62200000,0.64130000,-0.70530000
92.62000000,0.87810000,0.39050000,-1.21300000,-1.62200000,0.64120000,-0.70530000
92.71000000,0.87820000,0.39050000,-1.21300000,-1.62200000,0.64110000,-0.70530000
92.74000000,0.87820000,0.39050000,-1.21300000,-1.62200000,0.64110000,-0.70530000
92.81000000,0.87840000,0.39040000,-1.21300000,-1.62200000,0.64100000,-0.70530000
92.81000000,0.87830000,0.39040000,-1.21300000,-1.62200000,0.64100000,-0.70530000
92.88000000,0.87840000,0.39030000,-1.21300000,-1.62200000,0.64070000,-0.70530000
92.88000000,0.87840000,0.39030000,-1.21300000,-1.62200000,0.64070000,-0.70530000
92.91000000,0.87850000,0.39020000,-1.21300000,-1.62200000,0.64060000,-0.70530000
93.03000000,0.87850000,0.39030000,-1.21300000,-1.62200000,0.64080000,-0.70530000
93.06000000,0.87860000,0.39020000,-1.21300000,-1.62200000,0.64050000,-0.70530000
93.09000000,0.87870000,0.39020000,-1.21300000,-1.62200000,0.64070000,-0.70530000
93.16000000,0.87870000,0.39020000,-1.21300000,-1.62200000,0.64060000,-0.70530000
93.19000000,0.87880000,0.39010000,-1.21300000,-1.62200000,0.64050000,-0.70530000
93.22000000,0.87880000,0.39010000,-1.21300000,-1.62200000,0.64040000,-0.70530000
93.31000000,0.87890000,0.39010000,-1.21400000,-1.62200000,0.64040000,-0.70530000
93.31000000,0.87900000,0.39000000,-1.21400000,-1.62200000,0.64040000,-0.70530000
93.37000000,0.87900000,0.39000000,-1.21400000,-1.62200000,0.64030000,-0.70530000
93.43000000,0.87910000,0.38990000,-1.21400000,-1.62200000,0.64000000,-0.70530000
93.43000000,0.87910000,0.38990000,-1.21400000,-1.62200000,0.63990000,-0.70530000
93.49000000,0.87920000,0.38990000,-1.21400000,-1.62200000,0.64020000,-0.70530000
93.55000000,0.87920000,0.38980000,-1.21400000,-1.62200000,0.63980000,-0.70530000
93.55000000,0.87920000,0.38990000,-1.21400000,-1.62200000,0.64010000,-0.70530000
93.61000000,0.87930000,0.38990000,-1.21400000,-1.62200000,0.64000000,-0.70530000
93.67000000,0.87930000,0.38980000,-1.21400000,-1.62200000,0.64000000,-0.70530000
93.67000000,0.87940000,0.38980000,-1.21400000,-1.62200000,0.64000000,-0.70530000
93.73000000,0.87940000,0.38980000,-1.21400000,-1.62200000,0.63980000,-0.70530000
93.79000000,0.87950000,0.38970000,-1.21400000,-1.62200000,0.63980000,-0.70530000
93.79000000,0.87950000,0.38970000,-1.21400000,-1.62200000,0.63980000,-0.70530000
93.85000000,0.87960000,0.38970000,-1.21400000,-1.62200000,0.63980000,-0.70530000
93.91000000,0.87960000,0.38970000,-1.21400000,-1.62200000,0.63980000,-0.70530000
93.91000000,0.87960000,0.38960000,-1.21400000,-1.62200000,0.63940000,-0.70530000
93.97000000,0.87970000,0.38960000,-1.21400000,-1.62200000,0.63970000,-0.70520000
94.03000000,0.87980000,0.38960000,-1.21400000,-1.62200000,0.63960000,-0.70520000
94.03000000,0.87970000,0.38960000,-1.21400000,-1.62200000,0.63960000,-0.70520000
94.09000000,0.87980000,0.38950000,-1.21400000,-1.62200000,0.63950000,-0.70520000
94.15000000,0.87990000,0.38950000,-1.21400000,-1.62200000,0.63940000,-0.70520000
94.15000000,0.87990000,0.38950000,-1.21400000,-1.62200000,0.63940000,-0.70520000
94.21000000,0.87990000,0.38950000,-1.21400000,-1.62200000,0.63930000,-0.70520000
94.27000000,0.88000000,0.38940000,-1.21400000,-1.62200000,0.63930000,-0.70520000
94.27000000,0.88000000,0.38950000,-1.21400000,-1.62200000,0.63930000,-0.70520000
94.33000000,0.88000000,0.38940000,-1.21500000,-1.62200000,0.63930000,-0.70520000
94.39000000,0.88010000,0.38940000,-1.21500000,-1.62200000,0.63920000,-0.70520000
94.39000000,0.88010000,0.38940000,-1.21500000,-1.62200000,0.63920000,-0.70520000
94.45000000,0.88020000,0.38930000,-1.21500000,-1.62200000,0.63910000,-0.70520000
94.51000000,0.88020000,0.38930000,-1.21500000,-1.62200000,0.63910000,-0.70520000
94.51000000,0.88020000,0.38930000,-1.21500000,-1.62200000,0.63910000,-0.70520000
94.57000000,0.88030000,0.38930000,-1.21500000,-1.62200000,0.63900000,-0.70520000
94.63000000,0.88030000,0.38930000,-1.21500000,-1.62200000,0.63900000,-0.70520000
94.63000000,0.88040000,0.38920000,-1.21500000,-1.62200000,0.63890000,-0.70520000
94.69000000,0.88040000,0.38920000,-1.21500000,-1.62200000,0.63890000,-0.70520000
94.75000000,0.88040000,0.38920000,-1.21500000,-1.62200000,0.63890000,-0.70520000
94.75000000,0.88050000,0.38920000,-1.21500000,-1.62300000,0.63880000,-0.70520000
94.81000000,0.88050000,0.38910000,-1.21500000,-1.62300000,0.63880000,-0.70520000
94.84000000,0.88050000,0.38910000,-1.21500000,-1.62300000,0.63870000,-0.70520000
94.87000000,0.88060000,0.38910000,-1.21500000,-1.62300000,0.63870000,-0.70520000
94.93000000,0.88060000,0.38910000,-1.21500000,-1.62300000,0.63860000,-0.70520000
94.93000000,0.88070000,0.38900000,-1.21500000,-1.62300000,0.63860000,-0.70520000
95.04000000,0.88070000,0.38910000,-1.21500000,-1.62300000,0.63870000,-0.70520000
95.04000000,0.88070000,0.38900000,-1.21500000,-1.62300000,0.63850000,-0.70520000
95.11000000,0.88080000,0.38900000,-1.21500000,-1.62300000,0.63840000,-0.70520000
95.14000000,0.88080000,0.38890000,-1.21500000,-1.62300000,0.63840000,-0.70520000
95.20000000,0.88090000,0.38890000,-1.21500000,-1.62300000,0.63840000,-0.70520000
95.23000000,0.88090000,0.38890000,-1.21500000,-1.62300000,0.63830000,-0.70520000
95.26000000,0.88100000,0.38890000,-1.21500000,-1.62300000,0.63830000,-0.70520000
95.32000000,0.88100000,0.38880000,-1.21500000,-1.62300000,0.63820000,-0.70520000
95.35000000,0.88110000,0.38880000,-1.21500000,-1.62300000,0.63820000,-0.70520000
95.38000000,0.88110000,0.38880000,-1.21500000,-1.62300000,0.63820000,-0.70520000
95.44000000,0.88110000,0.38880000,-1.21500000,-1.62300000,0.63810000,-0.70520000
95.44000000,0.88110000,0.38880000,-1.21500000,-1.62300000,0.63810000,-0.70520000
95.53000000,0.88120000,0.38880000,-1.21500000,-1.62300000,0.63810000,-0.70520000
95.57000000,0.88130000,0.38870000,-1.21600000,-1.62300000,0.63800000,-0.70520000
95.64000000,0.88140000,0.38870000,-1.21600000,-1.62300000,0.63790000,-0.70520000
95.67000000,0.88140000,0.38860000,-1.21600000,-1.62300000,0.63790000,-0.70520000
95.67000000,0.88150000,0.38860000,-1.21600000,-1.62300000,0.63790000,-0.70520000
95.76000000,0.88150000,0.38860000,-1.21600000,-1.62300000,0.63780000,-0.70520000
95.79000000,0.88150000,0.38860000,-1.21600000,-1.62300000,0.63770000,-0.70520000
95.79000000,0.88160000,0.38850000,-1.21600000,-1.62300000,0.63770000,-0.70520000
95.85000000,0.88160000,0.38850000,-1.21600000,-1.62300000,0.63770000,-0.70520000
95.88000000,0.88170000,0.38850000,-1.21600000,-1.62300000,0.63770000,-0.70520000
95.91000000,0.88170000,0.38850000,-1.21600000,-1.62300000,0.63760000,-0.70520000
96.07000000,0.88170000,0.38850000,-1.21600000,-1.62300000,0.63760000,-0.70520000
96.07000000,0.88190000,0.38840000,-1.21600000,-1.62300000,0.63740000,-0.70520000
96.13000000,0.88200000,0.38820000,-1.21600000,-1.62300000,0.63710000,-0.70520000
96.13000000,0.88210000,0.38820000,-1.21600000,-1.62300000,0.63700000,-0.70520000
96.25000000,0.88220000,0.38810000,-1.21600000,-1.62300000,0.63690000,-0.70520000
96.25000000,0.88210000,0.38810000,-1.21600000,-1.62300000,0.63690000,-0.70520000
96.31000000,0.88230000,0.38810000,-1.21700000,-1.62300000,0.63680000,-0.70520000
96.31000000,0.88220000,0.38810000,-1.21700000,-1.62300000,0.63680000,-0.70520000
96.37000000,0.88230000,0.38810000,-1.21600000,-1.62300000,0.63690000,-0.70510000
96.43000000,0.88240000,0.38810000,-1.21600000,-1.62300000,0.63700000,-0.70520000
96.43000000,0.88240000,0.38810000,-1.21600000,-1.62300000,0.63700000,-0.70520000
96.52000000,0.88240000,0.38800000,-1.21700000,-1.62300000,0.63680000,-0.70520000
96.56000000,0.88250000,0.38800000,-1.21700000,-1.62300000,0.63680000,-0.70520000
96.63000000,0.88250000,0.38800000,-1.21700000,-1.62300000,0.63680000,-0.70520000
96.63000000,0.88250000,0.38800000,-1.21700000,-1.62300000,0.63680000,-0.70510000
96.73000000,0.88260000,0.38800000,-1.21700000,-1.62300000,0.63680000,-0.70510000
96.73000000,0.88260000,0.38790000,-1.21700000,-1.62300000,0.63660000,-0.70510000
96.79000000,0.88270000,0.38790000,-1.21700000,-1.62300000,0.63660000,-0.70510000
96.85000000,0.88270000,0.38790000,-1.21700000,-1.62300000,0.63660000,-0.70510000
96.85000000,0.88270000,0.38790000,-1.21700000,-1.62300000,0.63660000,-0.70510000
96.91000000,0.88280000,0.38790000,-1.21700000,-1.62300000,0.63660000,-0.70510000
96.97000000,0.88280000,0.38780000,-1.21700000,-1.62300000,0.63650000,-0.70510000
96.97000000,0.88280000,0.38780000,-1.21700000,-1.62300000,0.63650000,-0.70510000
97.03000000,0.88280000,0.38780000,-1.21700000,-1.62300000,0.63640000,-0.70510000
97.09000000,0.88290000,0.38780000,-1.21700000,-1.62300000,0.63640000,-0.70510000
97.09000000,0.88290000,0.38780000,-1.21700000,-1.62300000,0.63640000,-0.70510000
97.15000000,0.88290000,0.38780000,-1.21700000,-1.62300000,0.63640000,-0.70510000
97.21000000,0.88300000,0.38780000,-1.21700000,-1.62300000,0.63640000,-0.70510000
97.21000000,0.88290000,0.38780000,-1.21700000,-1.62300000,0.63640000,-0.70510000
97.27000000,0.88300000,0.38770000,-1.21700000,-1.62300000,0.63640000,-0.70510000
97.33000000,0.88300000,0.38770000,-1.21700000,-1.62300000,0.63630000,-0.70510000
97.33000000,0.88300000,0.38770000,-1.21700000,-1.62300000,0.63630000,-0.70510000
97.40000000,0.88310000,0.38770000,-1.21700000,-1.62300000,0.63620000,-0.70510000
97.46000000,0.88310000,0.38760000,-1.21700000,-1.62300000,0.63610000,-0.70510000
97.46000000,0.88310000,0.38770000,-1.21700000,-1.62300000,0.63620000,-0.70510000
97.53000000,0.88310000,0.38760000,-1.21700000,-1.62300000,0.63610000,-0.70510000
97.56000000,0.88320000,0.38760000,-1.21700000,-1.62300000,0.63620000,-0.70510000
97.59000000,0.88320000,0.38760000,-1.21700000,-1.62300000,0.63610000,-0.70510000
97.65000000,0.88320000,0.38760000,-1.21700000,-1.62300000,0.63610000,-0.70510000
97.68000000,0.88330000,0.38760000,-1.21700000,-1.62300000,0.63610000,-0.70510000
97.68000000,0.88330000,0.38760000,-1.21700000,-1.62300000,0.63610000,-0.70510000
97.77000000,0.88330000,0.38760000,-1.21700000,-1.62300000,0.63610000,-0.70510000
97.77000000,0.88330000,0.38750000,-1.21700000,-1.62300000,0.63590000,-0.70510000
97.80000000,0.88330000,0.38750000,-1.21700000,-1.62300000,0.63590000,-0.70510000
97.88000000,0.88340000,0.38750000,-1.21700000,-1.62300000,0.63590000,-0.70510000
97.88000000,0.88340000,0.38750000,-1.21700000,-1.62300000,0.63590000,-0.70510000
97.95000000,0.88340000,0.38750000,-1.21700000,-1.62300000,0.63590000,-0.70510000
97.98000000,0.88350000,0.38750000,-1.21700000,-1.62300000,0.63590000,-0.70510000
97.98000000,0.88340000,0.38750000,-1.21700000,-1.62300000,0.63590000,-0.70510000
98.11000000,0.88350000,0.38750000,-1.21700000,-1.62300000,0.63590000,-0.70510000
98.14000000,0.88350000,0.38740000,-1.21700000,-1.62300000,0.63580000,-0.70510000
98.14000000,0.88350000,0.38740000,-1.21700000,-1.62300000,0.63580000,-0.70510000
98.23000000,0.88360000,0.38740000,-1.21700000,-1.62300000,0.63580000,-0.70510000
98.26000000,0.88360000,0.38740000,-1.21700000,-1.62300000,0.63580000,-0.70510000
98.29000000,0.88360000,0.38740000,-1.21800000,-1.62300000,0.63580000,-0.70510000
98.35000000,0.88360000,0.38740000,-1.21800000,-1.62300000,0.63570000,-0.70510000
98.38000000,0.88370000,0.38730000,-1.21800000,-1.62300000,0.63560000,-0.70510000
98.38000000,0.88360000,0.38730000,-1.21800000,-1.62300000,0.63560000,-0.70510000
98.45000000,0.88370000,0.38730000,-1.21800000,-1.62400000,0.63560000,-0.70510000
98.51000000,0.88370000,0.38730000,-1.21800000,-1.62400000,0.63570000,-0.70510000
98.51000000,0.88370000,0.38730000,-1.21800000,-1.62400000,0.63550000,-0.70510000
98.58000000,0.88380000,0.38730000,-1.21800000,-1.62400000,0.63560000,-0.70510000
98.61000000,0.88380000,0.38730000,-1.21800000,-1.62400000,0.63560000,-0.70510000
98.61000000,0.88380000,0.38730000,-1.21800000,-1.62400000,0.63560000,-0.70510000
98.67000000,0.88380000,0.38730000,-1.21800000,-1.62400000,0.63550000,-0.70510000
98.73000000,0.88380000,0.38730000,-1.21800000,-1.62400000,0.63550000,-0.70510000
98.73000000,0.88390000,0.38720000,-1.21800000,-1.62400000,0.63550000,-0.70510000
98.81000000,0.88390000,0.38720000,-1.21800000,-1.62400000,0.63550000,-0.70510000
98.81000000,0.88390000,0.38720000,-1.21800000,-1.62400000,0.63550000,-0.70510000
98.88000000,0.88390000,0.38720000,-1.21800000,-1.62400000,0.63530000,-0.70510000
98.88000000,0.88390000,0.38720000,-1.21800000,-1.62400000,0.63530000,-0.70510000
98.95000000,0.88400000,0.38720000,-1.21800000,-1.62400000,0.63530000,-0.70510000
98.98000000,0.88400000,0.38710000,-1.21800000,-1.62400000,0.63530000,-0.70510000
99.05000000,0.88410000,0.38710000,-1.21800000,-1.62400000,0.63520000,-0.70510000
99.05000000,0.88410000,0.38710000,-1.21800000,-1.62400000,0.63520000,-0.70510000
99.12000000,0.88410000,0.38710000,-1.21800000,-1.62400000,0.63520000,-0.70510000
99.15000000,0.88410000,0.38700000,-1.21800000,-1.62400000,0.63510000,-0.70510000
99.18000000,0.88420000,0.38700000,-1.21800000,-1.62400000,0.63510000,-0.70510000
99.24000000,0.88420000,0.38710000,-1.21800000,-1.62400000,0.63510000,-0.70510000
99.27000000,0.88420000,0.38700000,-1.21800000,-1.62400000,0.63510000,-0.70510000
99.30000000,0.88420000,0.38700000,-1.21800000,-1.62400000,0.63510000,-0.70510000
99.36000000,0.88430000,0.38700000,-1.21800000,-1.62400000,0.63510000,-0.70510000
99.39000000,0.88430000,0.38700000,-1.21800000,-1.62400000,0.63500000,-0.70510000
99.45000000,0.88430000,0.38690000,-1.21800000,-1.62400000,0.63490000,-0.70510000
99.48000000,0.88440000,0.38690000,-1.21800000,-1.62400000,0.63490000,-0.70510000
99.58000000,0.88440000,0.38690000,-1.21800000,-1.62400000,0.63490000,-0.70510000
99.58000000,0.88440000,0.38690000,-1.21800000,-1.62400000,0.63480000,-0.70510000
99.65000000,0.88450000,0.38690000,-1.21800000,-1.62400000,0.63490000,-0.70510000
99.65000000,0.88450000,0.38690000,-1.21800000,-1.62400000,0.63490000,-0.70510000
99.72000000,0.88450000,0.38690000,-1.21800000,-1.62400000,0.63490000,-0.70510000
99.75000000,0.88450000,0.38680000,-1.21800000,-1.62400000,0.63480000,-0.70510000
99.75000000,0.88450000,0.38690000,-1.21800000,-1.62400000,0.63480000,-0.70510000
99.83000000,0.88460000,0.38680000,-1.21800000,-1.62400000,0.63480000,-0.70510000
99.83000000,0.88460000,0.38680000,-1.21800000,-1.62400000,0.63480000,-0.70510000
99.90000000,0.88460000,0.38680000,-1.21800000,-1.62400000,0.63480000,-0.70510000
99.90000000,0.88460000,0.38680000,-1.21800000,-1.62400000,0.63460000,-0.70510000
99.97000000,0.88460000,0.38680000,-1.21800000,-1.62400000,0.63470000,-0.70510000
100.00000000,0.88470000,0.38680000,-1.21800000,-1.62400000,0.63470000,-0.70510000
100.00000000,0.88460000,0.38680000,-1.21800000,-1.62400000,0.63470000,-0.70510000
100.10000000,0.88470000,0.38680000,-1.21800000,-1.62400000,0.63460000,-0.70510000
100.10000000,0.88470000,0.38680000,-1.21800000,-1.62400000,0.63460000,-0.70510000
100.20000000,0.88470000,0.38680000,-1.21800000,-1.62400000,0.63460000,-0.70510000
100.20000000,0.88470000,0.38680000,-1.21800000,-1.62400000,0.63460000,-0.70510000
100.30000000,0.88480000,0.38670000,-1.21900000,-1.62400000,0.63460000,-0.70510000
100.30000000,0.88480000,0.38670000,-1.21800000,-1.62400000,0.63460000,-0.70510000
100.40000000,0.88480000,0.38670000,-1.21900000,-1.62400000,0.63440000,-0.70510000
100.40000000,0.88480000,0.38670000,-1.21900000,-1.62400000,0.63460000,-0.70510000
100.40000000,0.88480000,0.38670000,-1.21900000,-1.62400000,0.63460000,-0.70510000
100.50000000,0.88480000,0.38670000,-1.21900000,-1.62400000,0.63440000,-0.70500000
100.50000000,0.88490000,0.38660000,-1.21900000,-1.62400000,0.63440000,-0.70510000
100.50000000,0.88480000,0.38670000,-1.21900000,-1.62400000,0.63440000,-0.70510000
100.60000000,0.88490000,0.38670000,-1.21900000,-1.62400000,0.63450000,-0.70500000
100.60000000,0.88490000,0.38660000,-1.21900000,-1.62400000,0.63440000,-0.70500000
100.60000000,0.88490000,0.38670000,-1.21900000,-1.62400000,0.63440000,-0.70500000
100.70000000,0.88490000,0.38660000,-1.21900000,-1.62400000,0.63440000,-0.70500000
100.70000000,0.88500000,0.38660000,-1.21900000,-1.62400000,0.63440000,-0.70500000
100.80000000,0.88500000,0.38660000,-1.21900000,-1.62400000,0.63430000,-0.70500000
100.80000000,0.88500000,0.38660000,-1.21900000,-1.62400000,0.63440000,-0.70500000
100.90000000,0.88500000,0.38660000,-1.21900000,-1.62400000,0.63430000,-0.70500000
100.90000000,0.88500000,0.38650000,-1.21900000,-1.62400000,0.63420000,-0.70500000
100.90000000,0.88510000,0.38650000,-1.21900000,-1.62400000,0.63420000,-0.70500000
101.00000000,0.88510000,0.38660000,-1.21900000,-1.62400000,0.63430000,-0.70500000
101.10000000,0.88510000,0.38650000,-1.21900000,-1.62400000,0.63420000,-0.70500000
101.10000000,0.88510000,0.38650000,-1.21900000,-1.62400000,0.63420000,-0.70500000
101.20000000,0.88520000,0.38650000,-1.21900000,-1.62400000,0.63420000,-0.70500000
101.20000000,0.88520000,0.38650000,-1.21900000,-1.62400000,0.63420000,-0.70500000
101.30000000,0.88520000,0.38650000,-1.21900000,-1.62400000,0.63420000,-0.70500000
101.30000000,0.88520000,0.38650000,-1.21900000,-1.62400000,0.63410000,-0.70500000
101.30000000,0.88530000,0.38650000,-1.21900000,-1.62400000,0.63410000,-0.70500000
101.30000000,0.88520000,0.38650000,-1.21900000,-1.62400000,0.63410000,-0.70500000
101.40000000,0.88530000,0.38640000,-1.21900000,-1.62400000,0.63410000,-0.70500000
101.40000000,0.88530000,0.38640000,-1.21900000,-1.62400000,0.63410000,-0.70500000
101.50000000,0.88530000,0.38640000,-1.21900000,-1.62400000,0.63400000,-0.70500000
101.50000000,0.88530000,0.38640000,-1.21900000,-1.62400000,0.63400000,-0.70500000
101.60000000,0.88540000,0.38640000,-1.21900000,-1.62400000,0.63400000,-0.97360000
101.60000000,0.88540000,0.38640000,-1.21900000,-1.62400000,0.63400000,-0.70500000
101.70000000,0.88540000,0.38630000,-1.21900000,-1.62400000,0.63380000,-0.70500000
101.70000000,0.88540000,0.38640000,-1.21900000,-1.62400000,0.63400000,-0.70500000
101.80000000,0.88550000,0.38630000,-1.21900000,-1.62400000,0.63390000,-0.70500000
101.80000000,0.88540000,0.38640000,-1.21900000,-1.62400000,0.63390000,-0.70500000
101.80000000,0.88540000,0.38640000,-1.21900000,-1.62400000,0.63390000,-0.70500000
101.90000000,0.88550000,0.38630000,-1.21900000,-1.62400000,0.63380000,-0.70500000
101.90000000,0.88550000,0.38630000,-1.21900000,-1.62400000,0.63380000,-0.70500000
101.90000000,0.88550000,0.38630000,-1.21900000,-1.62400000,0.63380000,-0.70500000
102.00000000,0.88550000,0.38630000,-1.21900000,-1.62400000,0.63380000,-0.70500000
102.00000000,0.88550000,0.38630000,-1.21900000,-1.62400000,0.63380000,-0.70500000
102.00000000,0.88560000,0.38630000,-1.21900000,-1.62400000,0.63380000,-0.70500000
102.10000000,0.88560000,0.38630000,-1.21900000,-1.62400000,0.63380000,-0.70500000
102.20000000,0.88560000,0.38630000,-1.21900000,-1.62400000,0.63380000,-0.70500000
102.20000000,0.88560000,0.38630000,-1.21900000,-1.62400000,0.63380000,-0.70500000
102.30000000,0.88560000,0.38630000,-1.21900000,-1.62400000,0.63370000,-0.70500000
102.30000000,0.88560000,0.38620000,-1.21900000,-1.62400000,0.63370000,-0.70500000
102.30000000,0.88560000,0.38620000,-1.21900000,-1.62400000,0.63370000,-0.70500000
102.40000000,0.88570000,0.38620000,-1.21900000,-1.62400000,0.63370000,-0.70500000
102.40000000,0.88570000,0.38620000,-1.21900000,-1.62400000,0.63350000,-0.70500000
102.50000000,0.88570000,0.38610000,-1.21900000,-1.62400000,0.63350000,-0.70500000
102.50000000,0.88570000,0.38620000,-1.21900000,-1.62400000,0.63350000,-0.70500000
102.50000000,0.88580000,0.38610000,-1.21900000,-1.62400000,0.63350000,-0.70500000
102.60000000,0.88580000,0.38620000,-1.21900000,-1.62400000,0.63350000,-0.70500000
102.70000000,0.88580000,0.38610000,-1.21900000,-1.62400000,0.63350000,-0.70500000
102.70000000,0.88580000,0.38620000,-1.21900000,-1.62400000,0.63350000,-0.70500000
102.80000000,0.88580000,0.38610000,-1.21900000,-1.62400000,0.63350000,-0.70500000
102.80000000,0.88590000,0.38610000,-1.21900000,-1.62400000,0.63350000,-0.70500000
102.90000000,0.88590000,0.38610000,-1.21900000,-1.62400000,0.63350000,-0.70500000
102.90000000,0.88590000,0.38610000,-1.21900000,-1.62400000,0.63350000,-0.70500000
103.00000000,0.88590000,0.38610000,-1.21900000,-1.62400000,0.63340000,-0.70500000
103.00000000,0.88590000,0.38610000,-1.21900000,-1.62400000,0.63340000,-0.70500000
103.00000000,0.88590000,0.38610000,-1.21900000,-1.62400000,0.63350000,-0.70500000
103.10000000,0.88600000,0.38610000,-1.21900000,-1.62400000,0.63340000,-0.70500000
103.10000000,0.88590000,0.38610000,-1.21900000,-1.62400000,0.63340000,-0.70500000
103.20000000,0.88600000,0.38610000,-1.22000000,-1.62400000,0.63340000,-0.70500000
103.20000000,0.88600000,0.38600000,-1.22000000,-1.62400000,0.63330000,-0.70500000
103.20000000,0.88600000,0.38610000,-1.21900000,-1.62400000,0.63340000,-0.70500000
103.30000000,0.88600000,0.38600000,-1.22000000,-1.62400000,0.63330000,-0.70500000
103.30000000,0.88600000,0.38600000,-1.22000000,-1.62400000,0.63330000,-0.70500000
103.30000000,0.88600000,0.38600000,-1.22000000,-1.62400000,0.63330000,-0.70500000
103.40000000,0.88610000,0.38600000,-1.22000000,-1.62400000,0.63320000,-0.70500000
103.40000000,0.88610000,0.38600000,-1.22000000,-1.62400000,0.63320000,-0.70500000
103.40000000,0.88610000,0.38600000,-1.22000000,-1.62400000,0.63330000,-0.70500000
103.50000000,0.88610000,0.38600000,-1.22000000,-1.62400000,0.63330000,-0.70500000
103.60000000,0.88610000,0.38600000,-1.22000000,-1.62400000,0.63320000,-0.70500000
103.60000000,0.88610000,0.38600000,-1.22000000,-1.62400000,0.63320000,-0.70500000
103.60000000,0.88610000,0.38600000,-1.22000000,-1.62400000,0.63320000,-0.70500000
103.60000000,0.88610000,0.38600000,-1.22000000,-1.62400000,0.63320000,-0.70500000
103.70000000,0.88620000,0.38600000,-1.22000000,-1.62400000,0.63320000,-0.70500000
103.70000000,0.88620000,0.38600000,-1.22000000,-1.62400000,0.63320000,-0.70500000
103.80000000,0.88620000,0.38590000,-1.22000000,-1.62400000,0.63320000,-0.70500000
103.80000000,0.88620000,0.38590000,-1.22000000,-1.62400000,0.63310000,-0.70500000
103.80000000,0.88620000,0.38590000,-1.22000000,-1.62400000,0.63310000,-0.70500000
103.90000000,0.88620000,0.38590000,-1.22000000,-1.62400000,0.63310000,-0.70500000
103.90000000,0.88620000,0.38590000,-1.22000000,-1.62400000,0.63310000,-0.70500000
104.00000000,0.88620000,0.38590000,-1.22000000,-1.62400000,0.63310000,-0.70500000
104.10000000,0.88630000,0.38590000,-1.22000000,-1.62400000,0.63310000,-0.70500000
104.10000000,0.88630000,0.38590000,-1.22000000,-1.62400000,0.63310000,-0.70500000
104.10000000,0.88630000,0.38590000,-1.22000000,-1.62400000,0.63300000,-0.70500000
104.10000000,0.88630000,0.38590000,-1.22000000,-1.62400000,0.63300000,-0.70500000
104.20000000,0.88630000,0.38590000,-1.22000000,-1.62400000,0.63300000,-0.70500000
104.20000000,0.88630000,0.38590000,-1.22000000,-1.62400000,0.63300000,-0.70500000
104.30000000,0.88630000,0.38580000,-1.22000000,-1.62400000,0.63300000,-0.70500000
104.40000000,0.88640000,0.38580000,-1.22000000,-1.62400000,0.63290000,-0.70500000
104.40000000,0.88640000,0.38580000,-1.22000000,-1.62400000,0.63300000,-0.70500000
104.40000000,0.88640000,0.38580000,-1.22000000,-1.62400000,0.63300000,-0.70500000
104.50000000,0.88640000,0.38580000,-1.22000000,-1.62400000,0.63290000,-0.70500000
104.50000000,0.88640000,0.38580000,-1.22000000,-1.62400000,0.63290000,-0.70500000
104.60000000,0.88640000,0.38580000,-1.22000000,-1.62400000,0.63290000,-0.70500000
104.60000000,0.88640000,0.38580000,-1.22000000,-1.62400000,0.63290000,-0.70500000
104.70000000,0.88640000,0.38580000,-1.22000000,-1.62400000,0.63290000,-0.70500000
104.70000000,0.88650000,0.38580000,-1.22000000,-1.62400000,0.63290000,-0.70500000
104.80000000,0.88650000,0.38580000,-1.22000000,-1.62400000,0.63290000,-0.70500000
104.80000000,0.88650000,0.38580000,-1.22000000,-1.62400000,0.63290000,-0.70500000
104.80000000,0.88650000,0.38580000,-1.22000000,-1.62400000,0.63290000,-0.70500000
104.90000000,0.88650000,0.38580000,-1.22000000,-1.62400000,0.63280000,-0.70500000
104.90000000,0.88650000,0.38570000,-1.22000000,-1.62400000,0.63280000,-0.70500000
104.90000000,0.88650000,0.38580000,-1.22000000,-1.62400000,0.63280000,-0.70500000
105.00000000,0.88650000,0.38570000,-1.22000000,-1.62400000,0.63280000,-0.70500000
105.10000000,0.88660000,0.38570000,-1.22000000,-1.62400000,0.63270000,-0.70500000
105.10000000,0.88660000,0.38570000,-1.22000000,-1.62400000,0.63280000,-0.70500000
105.10000000,0.88660000,0.38570000,-1.22000000,-1.62400000,0.63280000,-0.70500000
105.20000000,0.88660000,0.38570000,-1.22000000,-1.62400000,0.63270000,-0.70500000
105.20000000,0.88660000,0.38570000,-1.22000000,-1.62400000,0.63270000,-0.70500000
105.30000000,0.88660000,0.38570000,-1.22000000,-1.62400000,0.63270000,-0.70500000
105.30000000,0.88660000,0.38570000,-1.22000000,-1.62400000,0.63270000,-0.70500000
105.30000000,0.88660000,0.38570000,-1.22000000,-1.62400000,0.63270000,-0.70500000
105.40000000,0.88670000,0.38570000,-1.22000000,-1.62400000,0.63270000,-0.70500000
105.40000000,0.88670000,0.38570000,-1.22000000,-1.62400000,0.63270000,-0.70500000
105.50000000,0.88670000,0.38570000,-1.22000000,-1.62400000,0.63270000,-0.70490000
105.50000000,0.88670000,0.38570000,-1.22000000,-1.62400000,0.63270000,-0.70490000
105.50000000,0.88670000,0.38570000,-1.22000000,-1.62400000,0.63270000,-0.70490000
105.60000000,0.88670000,0.38560000,-1.22000000,-1.62400000,0.63260000,-0.70490000
105.60000000,0.88670000,0.38560000,-1.22000000,-1.62400000,0.63260000,-0.70490000
105.70000000,0.88670000,0.38560000,-1.22000000,-1.62400000,0.63260000,-0.70490000
105.70000000,0.88670000,0.38560000,-1.22000000,-1.62400000,0.63260000,-0.70490000
105.70000000,0.88670000,0.38560000,-1.22000000,-1.62400000,0.63260000,-0.70490000
105.80000000,0.88680000,0.38560000,-1.22000000,-1.62400000,0.63260000,-0.70490000
105.80000000,0.88670000,0.38560000,-1.22000000,-1.62400000,0.63260000,-0.70490000
105.90000000,0.88680000,0.38560000,-1.22000000,-1.62400000,0.63260000,-0.70490000
106.00000000,0.88680000,0.38560000,-1.22000000,-1.62400000,0.63260000,-0.70490000
106.00000000,0.88680000,0.38560000,-1.22000000,-1.62400000,0.63250000,-0.70490000
106.10000000,0.88680000,0.38560000,-1.22000000,-1.62400000,0.63250000,-0.70490000
106.10000000,0.88680000,0.38560000,-1.22000000,-1.62400000,0.63250000,-0.70490000
106.10000000,0.88680000,0.38560000,-1.22000000,-1.62400000,0.63250000,-0.70490000
106.20000000,0.88680000,0.38560000,-1.22000000,-1.62400000,0.63250000,-0.70490000
106.30000000,0.88690000,0.38560000,-1.22000000,-1.62400000,0.63250000,-0.70490000
106.30000000,0.88690000,0.38550000,-1.22000000,-1.62400000,0.63240000,-0.70490000
106.30000000,0.88690000,0.38560000,-1.22000000,-1.62400000,0.63250000,-0.70490000
106.30000000,0.88690000,0.38560000,-1.22000000,-1.62400000,0.63250000,-0.70490000
106.40000000,0.88690000,0.38550000,-1.22000000,-1.62400000,0.63250000,-0.70490000
106.40000000,0.88690000,0.38550000,-1.22000000,-1.62400000,0.63250000,-0.70490000
106.50000000,0.88690000,0.38550000,-1.22000000,-1.62400000,0.63240000,-0.70490000
106.50000000,0.88690000,0.38550000,-1.22000000,-1.62500000,0.63240000,-0.70490000
106.60000000,0.88690000,0.38550000,-1.22000000,-1.62500000,0.63240000,-0.70490000
106.60000000,0.88700000,0.38550000,-1.22000000,-1.62500000,0.63240000,-0.70490000
106.70000000,0.88700000,0.38550000,-1.22000000,-1.62500000,0.63230000,-0.70490000
106.70000000,0.88700000,0.38550000,-1.22000000,-1.62500000,0.63230000,-0.70490000
106.70000000,0.88700000,0.38550000,-1.22000000,-1.62500000,0.63240000,-0.70490000
106.80000000,0.88700000,0.38550000,-1.22000000,-1.62500000,0.63230000,-0.70490000
106.80000000,0.88700000,0.38550000,-1.22000000,-1.62500000,0.63230000,-0.70490000
106.80000000,0.88700000,0.38550000,-1.22000000,-1.62500000,0.63230000,-0.70490000
106.90000000,0.88700000,0.38550000,-1.22000000,-1.62500000,0.63230000,-0.70490000
106.90000000,0.88700000,0.38550000,-1.22000000,-1.62500000,0.63230000,-0.70490000
107.00000000,0.88700000,0.38550000,-1.22000000,-1.62500000,0.63230000,-0.70490000
107.10000000,0.88700000,0.38550000,-1.22000000,-1.62500000,0.63230000,-0.70490000
107.10000000,0.88710000,0.38550000,-1.22000000,-1.62500000,0.63230000,-0.70490000
107.10000000,0.88700000,0.38550000,-1.22000000,-1.62500000,0.63230000,-0.70490000
107.20000000,0.88710000,0.38540000,-1.22000000,-1.62500000,0.63220000,-0.70490000
107.20000000,0.88710000,0.38540000,-1.22000000,-1.62500000,0.63220000,-0.70490000
107.20000000,0.88710000,0.38540000,-1.22000000,-1.62500000,0.63220000,-0.70490000
107.20000000,0.88710000,0.38540000,-1.22000000,-1.62500000,0.63230000,-0.70490000
107.30000000,0.88710000,0.38540000,-1.22000000,-1.62500000,0.63220000,-0.70490000
107.30000000,0.88710000,0.38540000,-1.22000000,-1.62500000,0.63220000,-0.70490000
107.30000000,0.88710000,0.38540000,-1.22000000,-1.62500000,0.63220000,-0.70490000
107.40000000,0.88710000,0.38540000,-1.22000000,-1.62500000,0.63220000,-0.70490000
107.50000000,0.88710000,0.38540000,-1.22000000,-1.62500000,0.63220000,-0.70490000
107.50000000,0.88710000,0.38540000,-1.22000000,-1.62500000,0.63220000,-0.70490000
107.50000000,0.88720000,0.38540000,-1.22000000,-1.62500000,0.63220000,-0.70490000
107.60000000,0.88720000,0.38540000,-1.22000000,-1.62500000,0.63220000,-0.70490000
107.70000000,0.88720000,0.38540000,-1.22000000,-1.62500000,0.63220000,-0.70490000
107.80000000,0.88720000,0.38540000,-1.22100000,-1.62500000,0.63210000,-0.70490000
107.90000000,0.88720000,0.38540000,-1.22100000,-1.62500000,0.63210000,-0.70490000
107.90000000,0.88720000,0.38540000,-1.22100000,-1.62500000,0.63210000,-0.70490000
108.00000000,0.88720000,0.38530000,-1.22100000,-1.62500000,0.63210000,-0.70490000
108.00000000,0.88720000,0.38530000,-1.22100000,-1.62500000,0.63210000,-0.70490000
108.10000000,0.88730000,0.38530000,-1.22100000,-1.62500000,0.63210000,-0.70490000
108.10000000,0.88720000,0.38530000,-1.22100000,-1.62500000,0.63210000,-0.70490000
108.10000000,0.88730000,0.38530000,-1.22100000,-1.62500000,0.63210000,-0.70490000
108.20000000,0.88730000,0.38530000,-1.22100000,-1.62500000,0.63210000,-0.70490000
108.20000000,0.88730000,0.38530000,-1.22100000,-1.62500000,0.63210000,-0.70490000
108.30000000,0.88730000,0.38530000,-1.22100000,-1.62500000,0.63200000,-0.70490000
108.30000000,0.88730000,0.38530000,-1.22100000,-1.62500000,0.63210000,-0.70490000
108.40000000,0.88730000,0.38530000,-1.22100000,-1.62500000,0.63200000,-0.70490000
108.40000000,0.88730000,0.38530000,-1.22100000,-1.62500000,0.63200000,-0.70490000
108.40000000,0.88730000,0.38530000,-1.22100000,-1.62500000,0.63200000,-0.70490000
108.50000000,0.88730000,0.38530000,-1.22100000,-1.62500000,0.63200000,-0.70490000
108.60000000,0.88740000,0.38530000,-1.22100000,-1.62500000,0.63200000,-0.70490000
108.60000000,0.88740000,0.38530000,-1.22100000,-1.62500000,0.63200000,-0.70490000
108.60000000,0.88740000,0.38520000,-1.22100000,-1.62500000,0.63190000,-0.70490000
108.70000000,0.88740000,0.38520000,-1.22100000,-1.62500000,0.63190000,-0.70490000
108.80000000,0.88740000,0.38520000,-1.22100000,-1.62500000,0.63190000,-0.70490000
108.80000000,0.88740000,0.38520000,-1.22100000,-1.62500000,0.63190000,-0.70490000
108.80000000,0.88740000,0.38520000,-1.22100000,-1.62500000,0.63190000,-0.70490000
108.80000000,0.88740000,0.38520000,-1.22100000,-1.62500000,0.63190000,-0.70490000
108.90000000,0.88750000,0.38520000,-1.22100000,-1.62500000,0.63190000,-0.70490000
108.90000000,0.88750000,0.38520000,-1.22100000,-1.62500000,0.63190000,-0.70490000
109.00000000,0.88750000,0.38520000,-1.22100000,-1.62500000,0.63190000,-0.70490000
109.00000000,0.88750000,0.38520000,-1.22100000,-1.62500000,0.63190000,-0.70490000
109.10000000,0.88750000,0.38520000,-1.22100000,-1.62500000,0.63190000,-0.70490000
109.10000000,0.88750000,0.38520000,-1.22100000,-1.62500000,0.63190000,-0.70490000
109.10000000,0.88750000,0.38520000,-1.22100000,-1.62500000,0.63180000,-0.70490000
109.20000000,0.88750000,0.38520000,-1.22100000,-1.62500000,0.63180000,-0.70490000
109.20000000,0.88750000,0.38520000,-1.22100000,-1.62500000,0.63180000,-0.70490000
109.20000000,0.88750000,0.38520000,-1.22100000,-1.62500000,0.63180000,-0.70490000
109.30000000,0.88750000,0.38520000,-1.22100000,-1.62500000,0.63180000,-0.70490000
109.30000000,0.88750000,0.38520000,-1.22100000,-1.62500000,0.63180000,-0.70490000
109.40000000,0.88760000,0.38520000,-1.22100000,-1.62500000,0.63180000,-0.70490000
109.40000000,0.88750000,0.38520000,-1.22100000,-1.62500000,0.63180000,-0.70490000
109.40000000,0.88750000,0.38520000,-1.22100000,-1.62500000,0.63180000,-0.70490000
109.50000000,0.88760000,0.38520000,-1.22100000,-1.62500000,0.63180000,-0.70490000
109.50000000,0.88760000,0.38520000,-1.22100000,-1.62500000,0.63180000,-0.70490000
109.60000000,0.88760000,0.38520000,-1.22100000,-1.62500000,0.63180000,-0.70490000
109.60000000,0.88760000,0.38520000,-1.22100000,-1.62500000,0.63180000,-0.70490000
109.60000000,0.88760000,0.38520000,-1.22100000,-1.62500000,0.63180000,-0.70490000
109.70000000,0.88760000,0.38520000,-1.22100000,-1.62500000,0.63180000,-0.70490000
109.70000000,0.88760000,0.38520000,-1.22100000,-1.62500000,0.63170000,-0.70490000
109.70000000,0.88760000,0.38520000,-1.22100000,-1.62500000,0.63170000,-0.70490000
109.80000000,0.88760000,0.38520000,-1.22100000,-1.62500000,0.63170000,-0.70490000
109.80000000,0.88760000,0.38510000,-1.22100000,-1.62500000,0.63170000,-0.70490000
109.90000000,0.88760000,0.38510000,-1.22100000,-1.62500000,0.63170000,-0.70490000
109.90000000,0.88760000,0.38510000,-1.22100000,-1.62500000,0.63170000,-0.70490000
110.00000000,0.88760000,0.38510000,-1.22100000,-1.62500000,0.63170000,-0.70490000
110.00000000,0.88760000,0.38510000,-1.22100000,-1.62500000,0.63170000,-0.70490000
110.00000000,0.88770000,0.38510000,-1.22100000,-1.62500000,0.63170000,-0.70490000
110.10000000,0.88770000,0.38510000,-1.22100000,-1.62500000,0.63170000,-0.70490000
110.10000000,0.88770000,0.38510000,-1.22100000,-1.62500000,0.63170000,-0.70490000
110.20000000,0.88770000,0.38510000,-1.22100000,-1.62500000,0.63170000,-0.70490000
110.20000000,0.88770000,0.38510000,-1.22100000,-1.62500000,0.63170000,-0.70490000
110.20000000,0.88770000,0.38510000,-1.22100000,-1.62500000,0.63170000,-0.70490000
110.20000000,0.88770000,0.38510000,-1.22100000,-1.62500000,0.63170000,-0.70490000
110.30000000,0.88770000,0.38510000,-1.22100000,-1.62500000,0.63160000,-0.70490000
110.30000000,0.88770000,0.38510000,-1.22100000,-1.62500000,0.63170000,-0.70490000
110.40000000,0.88770000,0.38510000,-1.22100000,-1.62500000,0.63160000,-0.70490000
110.40000000,0.88770000,0.38510000,-1.22100000,-1.62500000,0.63160000,-0.70490000
110.50000000,0.88770000,0.38510000,-1.22100000,-1.62500000,0.63160000,-0.70490000
110.50000000,0.88770000,0.38510000,-1.22100000,-1.62500000,0.63160000,-0.70490000
110.50000000,0.88770000,0.38510000,-1.22100000,-1.62500000,0.63160000,-0.70490000
110.60000000,0.88770000,0.38510000,-1.22100000,-1.62500000,0.63160000,-0.70490000
110.60000000,0.88770000,0.38510000,-1.22100000,-1.62500000,0.63160000,-0.70490000
110.70000000,0.88770000,0.38510000,-1.22100000,-1.62500000,0.63160000,-0.70490000
110.70000000,0.88770000,0.38510000,-1.22100000,-1.62500000,0.63160000,-0.70490000
110.70000000,0.88770000,0.38510000,-1.22100000,-1.62500000,0.63160000,-0.70490000
110.80000000,0.88770000,0.38510000,-1.22100000,-1.62500000,0.63160000,-0.70490000
110.90000000,0.88780000,0.38510000,-1.22100000,-1.62500000,0.63160000,-0.70490000
110.90000000,0.88780000,0.38510000,-1.22100000,-1.62500000,0.63160000,-0.70490000
111.00000000,0.88780000,0.38510000,-1.22100000,-1.62500000,0.63160000,-0.70490000
111.00000000,0.88780000,0.38510000,-1.22100000,-1.62500000,0.63160000,-0.70490000
111.00000000,0.88780000,0.38500000,-1.22100000,-1.62500000,0.63160000,-0.70490000
111.10000000,0.88780000,0.38500000,-1.22100000,-1.62500000,0.63150000,-0.70490000
111.10000000,0.88780000,0.38500000,-1.22100000,-1.62500000,0.63150000,-0.70490000
111.10000000,0.88780000,0.38500000,-1.22100000,-1.62500000,0.63150000,-0.70490000
111.10000000,0.88780000,0.38500000,-1.22100000,-1.62500000,0.63150000,-0.70490000
111.20000000,0.88780000,0.38500000,-1.22100000,-1.62500000,0.63150000,-0.70490000
111.30000000,0.88780000,0.38500000,-1.22100000,-1.62500000,0.63150000,-0.70490000
111.30000000,0.88790000,0.38500000,-1.22100000,-1.62500000,0.63150000,-0.70490000
111.30000000,0.88790000,0.38500000,-1.22100000,-1.62500000,0.63150000,-0.70490000
111.40000000,0.88790000,0.38500000,-1.22100000,-1.62500000,0.63150000,-0.70490000
111.40000000,0.88790000,0.38500000,-1.22100000,-1.62500000,0.63150000,-0.70490000
111.40000000,0.88790000,0.38500000,-1.22100000,-1.62500000,0.63150000,-0.70490000
111.60000000,0.88790000,0.38500000,-1.22100000,-1.62500000,0.63140000,-0.70490000
111.60000000,0.88790000,0.38500000,-1.22100000,-1.62500000,0.63150000,-0.70490000
111.70000000,0.88790000,0.38500000,-1.22100000,-1.62500000,0.63140000,-0.70490000
111.70000000,0.88790000,0.38500000,-1.22100000,-1.62500000,0.63140000,-0.70490000
111.70000000,0.88790000,0.38500000,-1.22100000,-1.62500000,0.63140000,-0.70490000
111.80000000,0.88790000,0.38500000,-1.22100000,-1.62500000,0.63140000,-0.70490000
111.80000000,0.88790000,0.38500000,-1.22100000,-1.62500000,0.63140000,-0.70490000
111.90000000,0.88790000,0.38500000,-1.22100000,-1.62500000,0.63140000,-0.70490000
111.90000000,0.88790000,0.38500000,-1.22100000,-1.62500000,0.63140000,-0.70490000
112.00000000,0.88800000,0.38500000,-1.22100000,-1.62500000,0.63140000,-0.70490000
112.00000000,0.88800000,0.38500000,-1.22100000,-1.62500000,0.63140000,-0.70490000
112.10000000,0.88800000,0.38490000,-1.22100000,-1.62500000,0.63140000,-0.70490000
112.10000000,0.88800000,0.38500000,-1.22100000,-1.62500000,0.63140000,-0.70490000
112.10000000,0.88800000,0.38490000,-1.22100000,-1.62500000,0.63140000,-0.70490000
112.10000000,0.88800000,0.38490000,-1.22100000,-1.62500000,0.63140000,-0.70490000
112.20000000,0.88800000,0.38490000,-1.22100000,-1.62500000,0.63140000,-0.70490000
112.20000000,0.88800000,0.38490000,-1.22100000,-1.62500000,0.63130000,-0.70490000
112.30000000,0.88800000,0.38490000,-1.22100000,-1.62500000,0.63130000,-0.70490000
112.30000000,0.88800000,0.38490000,-1.22100000,-1.62500000,0.63130000,-0.70490000
112.40000000,0.88800000,0.38490000,-1.22100000,-1.62500000,0.63130000,-0.70490000
112.40000000,0.88800000,0.38490000,-1.22100000,-1.62500000,0.63130000,-0.70490000
112.40000000,0.88800000,0.38490000,-1.22100000,-1.62500000,0.63130000,-0.70490000
112.50000000,0.88800000,0.38490000,-1.22100000,-1.62500000,0.63130000,-0.70490000
112.50000000,0.88800000,0.38490000,-1.22100000,-1.62500000,0.63130000,-0.70490000
112.60000000,0.88800000,0.38490000,-1.22100000,-1.62500000,0.63130000,-0.70490000
112.60000000,0.88800000,0.38490000,-1.22100000,-1.62500000,0.63130000,-0.70490000
112.70000000,0.88810000,0.38490000,-1.22100000,-1.62500000,0.63130000,-0.70490000
112.70000000,0.88810000,0.38490000,-1.22100000,-1.62500000,0.63130000,-0.70490000
112.80000000,0.88810000,0.38490000,-1.22100000,-1.62500000,0.63130000,-0.70490000
112.80000000,0.88810000,0.38490000,-1.22100000,-1.62500000,0.63130000,-0.70490000
112.90000000,0.88810000,0.38490000,-1.22100000,-1.62500000,0.63120000,-0.70490000
112.90000000,0.88810000,0.38490000,-1.22100000,-1.62500000,0.63130000,-0.70490000
112.90000000,0.88810000,0.38490000,-1.22100000,-1.62500000,0.63120000,-0.70490000
113.00000000,0.88810000,0.38490000,-1.22100000,-1.62500000,0.63130000,-0.70490000
113.00000000,0.88810000,0.38490000,-1.22100000,-1.62500000,0.63130000,-0.70490000
113.10000000,0.88810000,0.38490000,-1.22100000,-1.62500000,0.63120000,-0.70490000
113.10000000,0.88810000,0.38490000,-1.22100000,-1.62500000,0.63120000,-0.70490000
113.10000000,0.88810000,0.38490000,-1.22100000,-1.62500000,0.63120000,-0.70490000
113.20000000,0.88810000,0.38490000,-1.22100000,-1.62500000,0.63120000,-0.70490000
113.20000000,0.88810000,0.38490000,-1.22100000,-1.62500000,0.63120000,-0.70490000
113.30000000,0.88820000,0.38480000,-1.22100000,-1.62500000,0.63120000,-0.70490000
113.30000000,0.88820000,0.38480000,-1.22100000,-1.62500000,0.63120000,-0.70490000
113.30000000,0.88810000,0.38480000,-1.22100000,-1.62500000,0.63120000,-0.70490000
113.40000000,0.88820000,0.38480000,-1.22100000,-1.62500000,0.63120000,-0.70490000
113.40000000,0.88820000,0.38480000,-1.22100000,-1.62500000,0.63120000,-0.70490000
